<?xml version="1.0" encoding="utf-8"?>
<COLLADA xmlns="http://www.collada.org/2005/11/COLLADASchema" version="1.4.1" xmlns:xsi="http://www.w3.org/2001/XMLSchema-instance">
  <asset>
    <contributor>
      <author>Blender User</author>
      <authoring_tool>Blender 4.0.2 commit date:2023-12-05, commit time:07:41, hash:9be62e85b727</authoring_tool>
    </contributor>
    <created>2024-06-07T11:05:03</created>
    <modified>2024-06-07T11:05:03</modified>
    <unit name="meter" meter="1"/>
    <up_axis>Z_UP</up_axis>
  </asset>
  <library_effects>
    <effect id="indoor_environment-effect">
      <profile_COMMON>
        <technique sid="common">
          <lambert>
            <emission>
              <color sid="emission">0 0 0 1</color>
            </emission>
            <diffuse>
              <color sid="diffuse">0.8 0.8 0.8 1</color>
            </diffuse>
            <index_of_refraction>
              <float sid="ior">1.45</float>
            </index_of_refraction>
          </lambert>
        </technique>
      </profile_COMMON>
    </effect>
    <effect id="wall-effect">
      <profile_COMMON>
        <technique sid="common">
          <lambert>
            <emission>
              <color sid="emission">0 0 0 1</color>
            </emission>
            <diffuse>
              <color sid="diffuse">8.78811e-4 8.78811e-4 8.78811e-4 1</color>
            </diffuse>
            <index_of_refraction>
              <float sid="ior">1.45</float>
            </index_of_refraction>
          </lambert>
        </technique>
      </profile_COMMON>
    </effect>
  </library_effects>
  <library_images/>
  <library_materials>
    <material id="indoor_environment-material" name="indoor_environment">
      <instance_effect url="#indoor_environment-effect"/>
    </material>
    <material id="wall-material" name="wall">
      <instance_effect url="#wall-effect"/>
    </material>
  </library_materials>
  <library_geometries>
    <geometry id="indoor_environment-mesh" name="indoor_environment">
      <mesh>
        <source id="indoor_environment-mesh-positions">
          <float_array id="indoor_environment-mesh-positions-array" count="3210">0.03764653 -0.02494931 0 0.03287905 -0.02489048 -1.51541e-7 0.03164315 -0.04813879 -5.79637e-7 0.03723448 -0.04825651 -4.83934e-7 0.08595061 -0.01475203 9.53657e-7 0.07952344 -0.01475203 8.41281e-7 0.07902908 -0.01348078 8.54865e-7 0.04993033 -0.01355141 3.44852e-7 0.04922401 -0.02132046 1.96664e-7 0.05091905 -0.02117913 2.28771e-7 0.05501556 -0.02845382 1.73201e-7 0.05600428 -0.02838325 1.91724e-7 0.05649864 -0.02908957 1.8802e-7 0.06137204 -0.02937197 2.68288e-7 0.06073635 -0.02372181 3.55966e-7 0.06462097 -0.02336859 4.3006e-7 0.06426781 -0.02690005 3.6214e-7 0.06737542 -0.02718251 4.11536e-7 0.06702232 -0.02619373 4.2265e-7 0.07260191 -0.02619373 5.20207e-7 0.0733788 -0.02605253 5.36261e-7 0.0731669 -0.02230924 5.98006e-7 0.08234858 -0.0224505 7.56073e-7 0.08220732 -0.02004915 7.9559e-7 0.07874655 -0.01990789 7.37549e-7 0.07825213 -0.01552891 8.05469e-7 0.08609181 -0.01552891 9.42542e-7 -0.01670134 -0.02588999 -1.03591e-6 -0.02072876 -0.01771295 -9.63355e-7 -0.0388084 -0.02612388 -1.45273e-6 -0.03417074 -0.03466713 -1.52102e-6 -0.06356668 0.06478947 -2.69837e-7 -0.07186573 0.06393516 -4.29879e-7 -0.06905871 0.04404181 -7.28626e-7 -0.06234622 0.04306536 -6.28333e-7 -0.0415408 0.02891355 -5.11997e-7 -0.01149445 0.008476257 -3.43991e-7 -0.04169958 0.03320419 -4.39756e-7 -0.0458492 0.03369235 -5.03775e-7 -0.0458492 0.03515696 -4.78167e-7 -0.04255414 0.03503465 -4.22692e-7 -0.04292029 0.0402826 -3.37335e-7 -0.04621529 0.04077094 -3.86411e-7 -0.04658156 0.04333376 -3.48005e-7 -0.04706972 0.0513888 -2.15701e-7 -0.04121166 0.05077856 -1.23942e-7 -0.0419436 0.05529445 0 -0.03889262 0.05566042 0 -0.03889244 0.05090075 0 -0.03340065 0.05199915 0 -0.03401076 0.05663686 0 -0.03169196 0.05651479 1.428e-7 -0.03132593 0.05236524 0 -0.02619987 0.05260938 1.70539e-7 -0.02607792 0.05736917 2.55895e-7 -0.02363675 0.05724722 2.96445e-7 -0.02400314 0.05321949 2.19617e-7 -0.01802289 0.05395185 3.36985e-7 -0.01790082 0.05834549 4.1594e-7 -0.01655834 0.05822342 4.37278e-7 -0.01594823 0.05321943 3.60453e-7 -0.01070016 4.96125e-4 -4.69632e-7 -0.01826703 0.001594424 -5.82729e-7 -0.02998334 0.00830698 -6.70219e-7 -0.03523129 0.01318871 -6.76621e-7 -0.0414555 0.02661377 -5.5072e-7 -0.01424062 0.0360639 0 -0.09113597 0.08197969 -4.51311e-7 -0.09673315 0.08722078 -4.57536e-7 -0.05100446 -0.01442551 -1.48412e-6 -0.0520724 -0.01286506 -1.42662e-6 -0.01387321 0.05334162 3.9887e-7 -0.0125308 0.03881829 1.68408e-7 -0.007282257 0.03930699 2.6872e-7 -0.009357273 0.05724745 5.46121e-7 -0.01020979 0.06628012 6.89148e-7 -0.05341601 0.06310528 -1.21805e-7 -0.0568332 0.09019929 2.92172e-7 -0.07796907 0.08700168 -1.33286e-7 -0.07814478 0.08348679 -1.97815e-7 -0.05371624 0.09438294 4.19822e-7 -0.05020129 0.06608802 0 -0.005031764 0.06978112 8.40896e-7 -0.00327742 0.03691422 2.96906e-7 -0.06531542 -0.02951717 -1.98522e-6 -0.03948092 -0.05306696 -1.90938e-6 -0.03737199 -0.05130952 -1.73549e-6 -0.03122091 -0.0574606 -1.66048e-6 -0.03579026 -0.06167846 -1.99542e-6 -0.06830304 -0.0298686 -2.00771e-6 -0.09009563 0.0752269 -5.5119e-7 -0.0923798 0.0741719 -6.09574e-7 -0.08904099 0.03673857 -1.2057e-6 -0.04176557 -0.005264401 -1.13335e-6 -0.04615914 -0.006670296 -1.21492e-6 -0.09361034 0.03603553 -1.29789e-6 -0.01083803 0.001880466 -4.47835e-7 0.1000502 6.7059e-4 1.46984e-6 0.1022512 0.003224909 1.55299e-6 0.1128624 0.01553982 1.95384e-6 0.1135914 0.01638591 1.98138e-6 0.06211632 9.72305e-4 8.11859e-7 0.06426978 0.003253459 8.89399e-7 0.09366619 0.03439402 1.94786e-6 0.09469872 0.03548789 1.98504e-6 -0.006027936 0.004757881 -3.13424e-7 -0.003993213 0.003373861 -3.02046e-7 -0.004040062 0.007184982 -2.36229e-7 -0.001921594 0.00735414 -1.96231e-7 -0.002007365 0.01811695 0 0.005282521 0.01828747 1.20895e-7 0.005621135 1.49906e-4 -1.90313e-7 0.03197968 8.28162e-4 2.82414e-7 0.03181862 0.006492972 3.78648e-7 0.03511381 0.006492853 4.36258e-7 0.03682279 7.57232e-4 3.65853e-7 0.04512161 8.78975e-4 5.13083e-7 0.04560995 0.002221584 5.45096e-7 0.04988139 0.002343595 6.21916e-7 0.05049145 -0.001317918 5.6856e-7 0.0539087 -0.001317918 6.28309e-7 0.0541529 0.001000881 6.73125e-7 0.05879056 0.003807902 8.03291e-7 0.05952286 0.03553968 1.37091e-6 0.09259712 0.03529566 1.94493e-6 0.09227526 0.03793799 1.98551e-6 0.05865651 0.03751438 1.39029e-6 0.05745559 0.003047823 7.66662e-7 0.03750312 0.003711581 4.29404e-7 0.03521502 0.008881807 4.79797e-7 0.03063791 0.00845772 3.92354e-7 0.03012943 0.001931667 2.69357e-7 0.00707674 0.001508176 -1.41112e-7 0.007246077 0.02057754 1.95269e-7 -0.002755761 0.02015286 0 -0.002924025 0.008288502 -1.97423e-7 -0.005890667 0.008288323 -2.49296e-7 0.08771604 8.79742e-4 1.25784e-6 0.09650307 0.03200083 1.95562e-6 0.09540402 0.006370723 1.48827e-6 0.09223163 0.00698179 1.44349e-6 0.09198725 0.001367509 1.34105e-6 0.1026043 0.005760014 1.60348e-6 0.09576058 0.005608141 1.48117e-6 0.09728115 0.03140705 1.95884e-6 0.1107673 0.01644557 1.93304e-6 0.1122403 0.01654547 1.96054e-6 0.1018728 5.1307e-4 1.49895e-6 0.1139081 0.01384806 1.94254e-6 0.1066982 0.006098628 1.68099e-6 0.1087582 0.003793478 1.6767e-6 0.1074339 0.002174854 1.62524e-6 0.1059134 0.002223968 1.59952e-6 0.1059625 7.52576e-4 1.57465e-6 0.1082186 8.99719e-4 1.61667e-6 0.1178319 0.01066011 1.95541e-6 0.1268075 4.09245e-4 1.93311e-6 0.1281318 0.001684427 1.97856e-6 -0.003955543 3.19829e-4 -3.54787e-7 -0.006144702 0.001762509 -3.67838e-7 -0.004489541 -0.0812391 -1.79015e-6 -0.006470263 -0.08305358 -1.8565e-6 -0.02774608 -0.05299246 -1.55544e-6 -0.0244407 -0.0529077 -1.49135e-6 -0.02359306 -0.04883944 -1.44011e-6 -0.02164375 -0.04867005 -1.40129e-6 -0.02113527 -0.05341625 -1.44875e-6 -0.009863078 -0.05172109 -1.27928e-6 -0.009269773 -0.04705971 -1.16164e-6 -0.014355 -0.03866904 -1.17555e-6 -0.01054108 -0.03816056 -1.09806e-6 -0.00977832 -0.03375339 -1.04554e-6 -0.007998466 -0.03366857 -1.01069e-6 -0.008167982 -0.04002517 -1.0686e-6 -0.004099786 -0.04087269 -9.97899e-7 -0.006472826 -0.08036792 -1.80959e-6 -0.009720325 -0.08128321 -1.88237e-6 -0.009134531 -0.05506783 -1.3505e-6 -0.02334058 -0.05653244 -1.54811e-6 -0.0338853 -0.06502676 -1.87091e-6 0.01166439 -0.08833473 -1.63177e-6 0.02879709 -0.08802008 -1.32671e-6 0.02982223 -0.08567684 -1.26781e-6 0.03231191 -0.08626264 -1.23452e-6 0.03187263 -0.08831304 -1.27805e-6 0.04915422 -0.08802008 -9.7077e-7 0.04915428 -0.08611619 -9.37481e-7 0.05559813 -0.08567684 -8.1713e-7 0.05501246 -0.07981866 -7.24944e-7 0.05310851 -0.07791471 -7.24943e-7 0.05281478 -0.06898015 -5.73863e-7 0.05515933 -0.06898152 -5.32893e-7 0.0553053 -0.06663775 -4.89361e-7 0.06116348 -0.06707715 -3.94616e-7 0.06248152 -0.07454627 -5.02165e-7 0.07244044 -0.07483923 -3.33159e-7 0.07185465 -0.06956684 -2.51217e-7 0.06731456 -0.06737005 -2.92188e-7 0.07287979 -0.06707715 -1.89761e-7 0.07287979 -0.06195122 0 0.0843032 -0.06195122 0 0.08562129 -0.05741113 2.02024e-7 0.1160838 -0.05960798 6.96237e-7 0.1156445 -0.04042237 1.02401e-6 0.1027565 -0.04027599 8.01226e-7 0.1015849 -0.03807914 8.1915e-7 0.1034888 -0.03720045 8.67804e-7 0.1062713 -0.03734683 9.13896e-7 0.09997385 -0.02914541 9.47185e-7 0.09689831 -0.03251385 8.34515e-7 0.09558022 -0.02958482 8.62682e-7 0.09660536 -0.02782738 9.11335e-7 0.09338343 -0.02387309 9.24139e-7 0.09206533 -0.01435357 1.06754e-6 0.1014384 -0.01362127 1.24422e-6 0.1031958 -0.01537877 1.24422e-6 0.1020241 -0.01611101 1.21094e-6 0.1131547 -0.02665573 1.22118e-6 0.1330724 -0.008934736 1.87928e-6 0.1234065 -0.007909595 1.72819e-6 0.1162303 -7.33369e-4 1.72819e-6 0.1295576 -7.3337e-4 1.96122e-6 0.1207703 -0.001758456 1.78965e-6 0.1254569 -0.00541985 1.80758e-6 0.1370268 -0.006884396 1.98426e-6 0.1112508 -0.03090292 1.11363e-6 0.09997385 -0.01816129 1.13924e-6 0.097777 -0.02152979 1.04193e-6 0.1077359 -0.03266036 1.02144e-6 0.109054 -0.0377863 9.54867e-7 0.1176948 -0.03837203 1.0957e-6 0.1172555 -0.06429451 6.3478e-7 0.08825749 -0.06151187 1.76418e-7 0.08518195 -0.0654661 0 0.07551598 -0.0654661 0 0.07536953 -0.07542502 -2.92188e-7 0.06013298 -0.07746976 -5.94344e-7 0.05867373 -0.09036338 -8.45296e-7 0.008293509 -0.09109562 -1.73898e-6 0.07247942 -0.05663228 0 0.04654479 -0.05646276 -4.64628e-7 0.04679912 -0.0445972 -2.5272e-7 0.04476493 -0.04476678 -2.91249e-7 0.04552775 -0.05731028 -4.9723e-7 0.07358121 -0.05739504 0 0.05521994 -0.06800699 -5.14792e-7 0.04145956 -0.06858253 -7.6545e-7 0.04145956 -0.06765025 -7.49149e-7 0.03883218 -0.08299064 -1.06331e-6 0.03501832 -0.0830754 -1.13147e-6 0.03476411 -0.0807023 -1.09443e-6 0.03849321 -0.08036327 -1.0233e-6 0.03917121 -0.07756644 -9.6254e-7 0.03535729 -0.07722741 -1.0233e-6 0.03501063 -0.07533377 -9.96249e-7 0.03878736 -0.07518666 -9.27644e-7 -0.005091071 -0.02565592 -8.28817e-7 -0.003850579 -0.02563095 -8.0669e-7 0.0221064 -0.02510762 -3.43692e-7 0.02514207 -0.0250464 -2.89545e-7 0.02150923 -0.01397275 -1.59446e-7 0.02816271 -0.01849848 -1.22242e-7 -0.005034685 -0.01647436 -6.74173e-7 -0.006682693 -0.01529723 -6.84375e-7 -0.006211817 -0.01476746 -6.68101e-7 0.02562952 -0.01865202 -1.6922e-7 0.02509981 -0.02124178 -2.24495e-7 0.02203929 -0.02336061 -3.14482e-7 0.02321642 -0.02082967 -2.50792e-7 0.02103871 -0.01623886 -2.07296e-7 0.01986151 -0.01517951 -2.09354e-7 0.01609474 -0.01517951 -2.75271e-7 0.01168048 -0.01488518 -3.49199e-7 0.01097416 -0.01871091 -4.31961e-7 0.007854819 -0.01835775 -4.8141e-7 0.008031368 -0.01512062 -4.19082e-7 -0.003857553 -0.01541495 -6.37574e-7 0.02115643 -0.03931075 -6.02118e-7 0.02068555 -0.03554385 -5.35526e-7 0.02315747 -0.03213024 -4.33246e-7 0.0228632 -0.03007024 -3.97361e-7 0.02527636 -0.02965819 -3.54425e-7 0.02533525 -0.03224796 -4.04039e-7 0.02774834 -0.03265988 -3.77095e-7 0.02833694 -0.034249 -3.94589e-7 0.02574717 -0.03495538 -4.50837e-7 0.02504098 -0.0365445 -4.92021e-7 0.02698326 -0.03713297 -4.68683e-7 0.02557069 -0.0391342 -5.2837e-7 0.02668893 -0.03995811 -5.23224e-7 0.02668893 -0.04437237 -6.00405e-7 0.02474659 -0.04366612 -6.22016e-7 0.02309864 -0.04478436 -6.70383e-7 0.02168607 -0.04425472 -6.85819e-7 0.0213918 -0.0406056 -6.23945e-7 0.0251587 -0.02653878 -3.13722e-7 0.02215701 -0.02642107 -3.69863e-7 -0.003850102 -0.02632325 -8.20941e-7 -0.002760112 -0.02618706 -7.99146e-7 -0.002964556 -0.02717483 -8.23049e-7 -0.00374794 -0.02744734 -8.42309e-7 -0.003679752 -0.03861922 -9.70468e-7 -0.002249181 -0.03861922 -9.43043e-7 -0.001261532 -0.04004973 -9.40804e-7 0.02869004 -0.01376694 0 0.03710657 -0.01353144 1.20982e-7 0.03763628 -0.01459085 0 0.04399275 -0.01453202 2.2389e-7 0.04387503 -0.0159446 1.97134e-7 0.03710657 -0.01588577 0 0.03716546 -0.01735723 0 0.03563517 -0.01694524 0 0.03528195 -0.01553267 0 0.033634 -0.01582694 0 0.03369283 -0.0181812 0 0.03180944 -0.01841664 0 0.03033798 -0.01565039 0 0.02951407 -0.01841664 0 0.1160188 -0.05676859 7.44744e-7 0.1156841 -0.04215466 9.94411e-7 0.09193676 -0.04526269 5.24857e-7 0.09271371 -0.04808777 4.89045e-7 0.09553885 -0.05048912 4.96455e-7 0.09568005 -0.0546562 4.26065e-7 0.100624 -0.05522119 5.02629e-7 0.1008359 -0.05642187 4.85341e-7 0.1081812 -0.04173123 8.70629e-7 0.1059918 -0.04490953 7.76777e-7 -0.06200027 0.02805072 -8.91023e-7 -0.06440162 0.02826261 -9.28941e-7 -0.06468415 0.03045207 -8.94831e-7 -0.0622121 0.03038144 -8.53171e-7 -0.06644988 0.02805072 -9.68278e-7 -0.06814491 0.0286864 -9.86381e-7 -0.06793302 0.02981638 -9.62566e-7 -0.06652045 0.02981638 -9.38041e-7 -0.06287974 0.08928453 1.70458e-7 -0.06108212 0.08010363 0 -0.06482541 0.07628971 0 -0.06976938 0.08038616 0 -0.06969875 0.08257561 0 0.07006043 -0.03432714 3.33562e-7 0.06623476 -0.03485685 2.5741e-7 0.06664675 -0.03250265 3.05777e-7 0.06964844 -0.03185516 3.6958e-7 0.07253533 -0.04274296 2.29688e-7 0.07252752 -0.04468715 1.95558e-7 0.06764733 -0.04327332 1.34949e-7 0.06752961 -0.04556882 0 0.04662805 -0.05257642 -3.95221e-7 0.04665952 -0.05110687 -3.68977e-7 0.04875433 -0.052455 -3.55924e-7 0.04786187 -0.05188065 -3.61485e-7 0.04893088 -0.05127787 -3.32255e-7 0.03764653 -0.02494931 0 0.03287905 -0.02489048 -1.51541e-7 0.03164315 -0.04813879 -5.79637e-7 0.03723448 -0.04825651 -4.83934e-7 0.08595061 -0.01475203 9.53657e-7 0.07952344 -0.01475203 8.41281e-7 0.07902908 -0.01348078 8.54865e-7 0.04993033 -0.01355141 3.44852e-7 0.04922401 -0.02132046 1.96664e-7 0.05091905 -0.02117913 2.28771e-7 0.05501556 -0.02845382 1.73201e-7 0.05600428 -0.02838325 1.91724e-7 0.05649864 -0.02908957 1.8802e-7 0.06137204 -0.02937197 2.68288e-7 0.06073635 -0.02372181 3.55966e-7 0.06462097 -0.02336859 4.3006e-7 0.06426781 -0.02690005 3.6214e-7 0.06737542 -0.02718251 4.11536e-7 0.06702232 -0.02619373 4.2265e-7 0.07260191 -0.02619373 5.20207e-7 0.0733788 -0.02605253 5.36261e-7 0.0731669 -0.02230924 5.98006e-7 0.08234858 -0.0224505 7.56073e-7 0.08220732 -0.02004915 7.9559e-7 0.07874655 -0.01990789 7.37549e-7 0.07825213 -0.01552891 8.05469e-7 0.08609181 -0.01552891 9.42542e-7 -0.01670134 -0.02588999 -1.03591e-6 -0.02072876 -0.01771295 -9.63355e-7 -0.0388084 -0.02612388 -1.45273e-6 -0.03417074 -0.03466713 -1.52102e-6 -0.06356668 0.06478947 -2.69837e-7 -0.07186573 0.06393516 -4.29879e-7 -0.06905871 0.04404181 -7.28626e-7 -0.06234622 0.04306536 -6.28333e-7 -0.0415408 0.02891355 -5.11997e-7 -0.01149445 0.008476257 -3.43991e-7 -0.04169958 0.03320419 -4.39756e-7 -0.0458492 0.03369235 -5.03775e-7 -0.0458492 0.03515696 -4.78167e-7 -0.04255414 0.03503465 -4.22692e-7 -0.04292029 0.0402826 -3.37335e-7 -0.04621529 0.04077094 -3.86411e-7 -0.04658156 0.04333376 -3.48005e-7 -0.04706972 0.0513888 -2.15701e-7 -0.04121166 0.05077856 -1.23942e-7 -0.0419436 0.05529445 0 -0.03889262 0.05566042 0 -0.03889244 0.05090075 0 -0.03340065 0.05199915 0 -0.03401076 0.05663686 0 -0.03169196 0.05651479 1.428e-7 -0.03132593 0.05236524 0 -0.02619987 0.05260938 1.70539e-7 -0.02607792 0.05736917 2.55895e-7 -0.02363675 0.05724722 2.96445e-7 -0.02400314 0.05321949 2.19617e-7 -0.01802289 0.05395185 3.36985e-7 -0.01790082 0.05834549 4.1594e-7 -0.01655834 0.05822342 4.37278e-7 -0.01594823 0.05321943 3.60453e-7 -0.01070016 4.96125e-4 -4.69632e-7 -0.01826703 0.001594424 -5.82729e-7 -0.02998334 0.00830698 -6.70219e-7 -0.03523129 0.01318871 -6.76621e-7 -0.0414555 0.02661377 -5.5072e-7 -0.01424062 0.0360639 0 -0.09113597 0.08197969 -4.51311e-7 -0.09673315 0.08722078 -4.57536e-7 -0.05100446 -0.01442551 -1.48412e-6 -0.0520724 -0.01286506 -1.42662e-6 -0.01387321 0.05334162 3.9887e-7 -0.0125308 0.03881829 1.68408e-7 -0.007282257 0.03930699 2.6872e-7 -0.009357273 0.05724745 5.46121e-7 -0.01020979 0.06628012 6.89148e-7 -0.05341601 0.06310528 -1.21805e-7 -0.0568332 0.09019929 2.92172e-7 -0.07796907 0.08700168 -1.33286e-7 -0.07814478 0.08348679 -1.97815e-7 -0.05371624 0.09438294 4.19822e-7 -0.05020129 0.06608802 0 -0.005031764 0.06978112 8.40896e-7 -0.00327742 0.03691422 2.96906e-7 -0.06531542 -0.02951717 -1.98522e-6 -0.03948092 -0.05306696 -1.90938e-6 -0.03737199 -0.05130952 -1.73549e-6 -0.03122091 -0.0574606 -1.66048e-6 -0.03579026 -0.06167846 -1.99542e-6 -0.06830304 -0.0298686 -2.00771e-6 -0.09009563 0.0752269 -5.5119e-7 -0.0923798 0.0741719 -6.09574e-7 -0.08904099 0.03673857 -1.2057e-6 -0.04176557 -0.005264401 -1.13335e-6 -0.04615914 -0.006670296 -1.21492e-6 -0.09361034 0.03603553 -1.29789e-6 -0.01083803 0.001880466 -4.47835e-7 0.1000502 6.7059e-4 1.46984e-6 0.1022512 0.003224909 1.55299e-6 0.1128624 0.01553982 1.95384e-6 0.1135914 0.01638591 1.98138e-6 0.06211632 9.72305e-4 8.11859e-7 0.06426978 0.003253459 8.89399e-7 0.09366619 0.03439402 1.94786e-6 0.09469872 0.03548789 1.98504e-6 -0.006027936 0.004757881 -3.13424e-7 -0.003993213 0.003373861 -3.02046e-7 -0.004040062 0.007184982 -2.36229e-7 -0.001921594 0.00735414 -1.96231e-7 -0.002007365 0.01811695 0 0.005282521 0.01828747 1.20895e-7 0.005621135 1.49906e-4 -1.90313e-7 0.03197968 8.28162e-4 2.82414e-7 0.03181862 0.006492972 3.78648e-7 0.03511381 0.006492853 4.36258e-7 0.03682279 7.57232e-4 3.65853e-7 0.04512161 8.78975e-4 5.13083e-7 0.04560995 0.002221584 5.45096e-7 0.04988139 0.002343595 6.21916e-7 0.05049145 -0.001317918 5.6856e-7 0.0539087 -0.001317918 6.28309e-7 0.0541529 0.001000881 6.73125e-7 0.05879056 0.003807902 8.03291e-7 0.05952286 0.03553968 1.37091e-6 0.09259712 0.03529566 1.94493e-6 0.09227526 0.03793799 1.98551e-6 0.05865651 0.03751438 1.39029e-6 0.05745559 0.003047823 7.66662e-7 0.03750312 0.003711581 4.29404e-7 0.03521502 0.008881807 4.79797e-7 0.03063791 0.00845772 3.92354e-7 0.03012943 0.001931667 2.69357e-7 0.00707674 0.001508176 -1.41112e-7 0.007246077 0.02057754 1.95269e-7 -0.002755761 0.02015286 0 -0.002924025 0.008288502 -1.97423e-7 -0.005890667 0.008288323 -2.49296e-7 0.08771604 8.79742e-4 1.25784e-6 0.09650307 0.03200083 1.95562e-6 0.09540402 0.006370723 1.48827e-6 0.09223163 0.00698179 1.44349e-6 0.09198725 0.001367509 1.34105e-6 0.1026043 0.005760014 1.60348e-6 0.09576058 0.005608141 1.48117e-6 0.09728115 0.03140705 1.95884e-6 0.1107673 0.01644557 1.93304e-6 0.1122403 0.01654547 1.96054e-6 0.1018728 5.1307e-4 1.49895e-6 0.1139081 0.01384806 1.94254e-6 0.1066982 0.006098628 1.68099e-6 0.1087582 0.003793478 1.6767e-6 0.1074339 0.002174854 1.62524e-6 0.1059134 0.002223968 1.59952e-6 0.1059625 7.52576e-4 1.57465e-6 0.1082186 8.99719e-4 1.61667e-6 0.1178319 0.01066011 1.95541e-6 0.1268075 4.09245e-4 1.93311e-6 0.1281318 0.001684427 1.97856e-6 -0.003955543 3.19829e-4 -3.54787e-7 -0.006144702 0.001762509 -3.67838e-7 -0.004489541 -0.0812391 -1.79015e-6 -0.006470263 -0.08305358 -1.8565e-6 -0.02774608 -0.05299246 -1.55544e-6 -0.0244407 -0.0529077 -1.49135e-6 -0.02359306 -0.04883944 -1.44011e-6 -0.02164375 -0.04867005 -1.40129e-6 -0.02113527 -0.05341625 -1.44875e-6 -0.009863078 -0.05172109 -1.27928e-6 -0.009269773 -0.04705971 -1.16164e-6 -0.014355 -0.03866904 -1.17555e-6 -0.01054108 -0.03816056 -1.09806e-6 -0.00977832 -0.03375339 -1.04554e-6 -0.007998466 -0.03366857 -1.01069e-6 -0.008167982 -0.04002517 -1.0686e-6 -0.004099786 -0.04087269 -9.97899e-7 -0.006472826 -0.08036792 -1.80959e-6 -0.009720325 -0.08128321 -1.88237e-6 -0.009134531 -0.05506783 -1.3505e-6 -0.02334058 -0.05653244 -1.54811e-6 -0.0338853 -0.06502676 -1.87091e-6 0.01166439 -0.08833473 -1.63177e-6 0.02879709 -0.08802008 -1.32671e-6 0.02982223 -0.08567684 -1.26781e-6 0.03231191 -0.08626264 -1.23452e-6 0.03187263 -0.08831304 -1.27805e-6 0.04915422 -0.08802008 -9.7077e-7 0.04915428 -0.08611619 -9.37481e-7 0.05559813 -0.08567684 -8.1713e-7 0.05501246 -0.07981866 -7.24944e-7 0.05310851 -0.07791471 -7.24943e-7 0.05281478 -0.06898015 -5.73863e-7 0.05515933 -0.06898152 -5.32893e-7 0.0553053 -0.06663775 -4.89361e-7 0.06116348 -0.06707715 -3.94616e-7 0.06248152 -0.07454627 -5.02165e-7 0.07244044 -0.07483923 -3.33159e-7 0.07185465 -0.06956684 -2.51217e-7 0.06731456 -0.06737005 -2.92188e-7 0.07287979 -0.06707715 -1.89761e-7 0.07287979 -0.06195122 0 0.0843032 -0.06195122 0 0.08562129 -0.05741113 2.02024e-7 0.1160838 -0.05960798 6.96237e-7 0.1156445 -0.04042237 1.02401e-6 0.1027565 -0.04027599 8.01226e-7 0.1015849 -0.03807914 8.1915e-7 0.1034888 -0.03720045 8.67804e-7 0.1062713 -0.03734683 9.13896e-7 0.09997385 -0.02914541 9.47185e-7 0.09689831 -0.03251385 8.34515e-7 0.09558022 -0.02958482 8.62682e-7 0.09660536 -0.02782738 9.11335e-7 0.09338343 -0.02387309 9.24139e-7 0.09206533 -0.01435357 1.06754e-6 0.1014384 -0.01362127 1.24422e-6 0.1031958 -0.01537877 1.24422e-6 0.1020241 -0.01611101 1.21094e-6 0.1131547 -0.02665573 1.22118e-6 0.1330724 -0.008934736 1.87928e-6 0.1234065 -0.007909595 1.72819e-6 0.1162303 -7.33369e-4 1.72819e-6 0.1295576 -7.3337e-4 1.96122e-6 0.1207703 -0.001758456 1.78965e-6 0.1254569 -0.00541985 1.80758e-6 0.1370268 -0.006884396 1.98426e-6 0.1112508 -0.03090292 1.11363e-6 0.09997385 -0.01816129 1.13924e-6 0.097777 -0.02152979 1.04193e-6 0.1077359 -0.03266036 1.02144e-6 0.109054 -0.0377863 9.54867e-7 0.1176948 -0.03837203 1.0957e-6 0.1172555 -0.06429451 6.3478e-7 0.08825749 -0.06151187 1.76418e-7 0.08518195 -0.0654661 0 0.07551598 -0.0654661 0 0.07536953 -0.07542502 -2.92188e-7 0.06013298 -0.07746976 -5.94344e-7 0.05867373 -0.09036338 -8.45296e-7 0.008293509 -0.09109562 -1.73898e-6 0.07247942 -0.05663228 0 0.04654479 -0.05646276 -4.64628e-7 0.04679912 -0.0445972 -2.5272e-7 0.04476493 -0.04476678 -2.91249e-7 0.04552775 -0.05731028 -4.9723e-7 0.07358121 -0.05739504 0 0.05521994 -0.06800699 -5.14792e-7 0.04145956 -0.06858253 -7.6545e-7 0.04145956 -0.06765025 -7.49149e-7 0.03883218 -0.08299064 -1.06331e-6 0.03501832 -0.0830754 -1.13147e-6 0.03476411 -0.0807023 -1.09443e-6 0.03849321 -0.08036327 -1.0233e-6 0.03917121 -0.07756644 -9.6254e-7 0.03535729 -0.07722741 -1.0233e-6 0.03501063 -0.07533377 -9.96249e-7 0.03878736 -0.07518666 -9.27644e-7 -0.005091071 -0.02565592 -8.28817e-7 -0.003850579 -0.02563095 -8.0669e-7 0.0221064 -0.02510762 -3.43692e-7 0.02514207 -0.0250464 -2.89545e-7 0.02150923 -0.01397275 -1.59446e-7 0.02816271 -0.01849848 -1.22242e-7 -0.005034685 -0.01647436 -6.74173e-7 -0.006682693 -0.01529723 -6.84375e-7 -0.006211817 -0.01476746 -6.68101e-7 0.02562952 -0.01865202 -1.6922e-7 0.02509981 -0.02124178 -2.24495e-7 0.02203929 -0.02336061 -3.14482e-7 0.02321642 -0.02082967 -2.50792e-7 0.02103871 -0.01623886 -2.07296e-7 0.01986151 -0.01517951 -2.09354e-7 0.01609474 -0.01517951 -2.75271e-7 0.01168048 -0.01488518 -3.49199e-7 0.01097416 -0.01871091 -4.31961e-7 0.007854819 -0.01835775 -4.8141e-7 0.008031368 -0.01512062 -4.19082e-7 -0.003857553 -0.01541495 -6.37574e-7 0.02115643 -0.03931075 -6.02118e-7 0.02068555 -0.03554385 -5.35526e-7 0.02315747 -0.03213024 -4.33246e-7 0.0228632 -0.03007024 -3.97361e-7 0.02527636 -0.02965819 -3.54425e-7 0.02533525 -0.03224796 -4.04039e-7 0.02774834 -0.03265988 -3.77095e-7 0.02833694 -0.034249 -3.94589e-7 0.02574717 -0.03495538 -4.50837e-7 0.02504098 -0.0365445 -4.92021e-7 0.02698326 -0.03713297 -4.68683e-7 0.02557069 -0.0391342 -5.2837e-7 0.02668893 -0.03995811 -5.23224e-7 0.02668893 -0.04437237 -6.00405e-7 0.02474659 -0.04366612 -6.22016e-7 0.02309864 -0.04478436 -6.70383e-7 0.02168607 -0.04425472 -6.85819e-7 0.0213918 -0.0406056 -6.23945e-7 0.0251587 -0.02653878 -3.13722e-7 0.02215701 -0.02642107 -3.69863e-7 -0.003850102 -0.02632325 -8.20941e-7 -0.002760112 -0.02618706 -7.99146e-7 -0.002964556 -0.02717483 -8.23049e-7 -0.00374794 -0.02744734 -8.42309e-7 -0.003679752 -0.03861922 -9.70468e-7 -0.002249181 -0.03861922 -9.43043e-7 -0.001261532 -0.04004973 -9.40804e-7 0.02869004 -0.01376694 0 0.03710657 -0.01353144 1.20982e-7 0.03763628 -0.01459085 0 0.04399275 -0.01453202 2.2389e-7 0.04387503 -0.0159446 1.97134e-7 0.03710657 -0.01588577 0 0.03716546 -0.01735723 0 0.03563517 -0.01694524 0 0.03528195 -0.01553267 0 0.033634 -0.01582694 0 0.03369283 -0.0181812 0 0.03180944 -0.01841664 0 0.03033798 -0.01565039 0 0.02951407 -0.01841664 0 0.1160188 -0.05676859 7.44744e-7 0.1156841 -0.04215466 9.94411e-7 0.09193676 -0.04526269 5.24857e-7 0.09271371 -0.04808777 4.89045e-7 0.09553885 -0.05048912 4.96455e-7 0.09568005 -0.0546562 4.26065e-7 0.100624 -0.05522119 5.02629e-7 0.1008359 -0.05642187 4.85341e-7 0.1081812 -0.04173123 8.70629e-7 0.1059918 -0.04490953 7.76777e-7 -0.06200027 0.02805072 -8.91023e-7 -0.06440162 0.02826261 -9.28941e-7 -0.06468415 0.03045207 -8.94831e-7 -0.0622121 0.03038144 -8.53171e-7 -0.06644988 0.02805072 -9.68278e-7 -0.06814491 0.0286864 -9.86381e-7 -0.06793302 0.02981638 -9.62566e-7 -0.06652045 0.02981638 -9.38041e-7 -0.06287974 0.08928453 1.70458e-7 -0.06108212 0.08010363 0 -0.06482541 0.07628971 0 -0.06976938 0.08038616 0 -0.06969875 0.08257561 0 0.07006043 -0.03432714 3.33562e-7 0.06623476 -0.03485685 2.5741e-7 0.06664675 -0.03250265 3.05777e-7 0.06964844 -0.03185516 3.6958e-7 0.07253533 -0.04274296 2.29688e-7 0.07252752 -0.04468715 1.95558e-7 0.06764733 -0.04327332 1.34949e-7 0.06752961 -0.04556882 0 0.04662805 -0.05257642 -3.95221e-7 0.04665952 -0.05110687 -3.68977e-7 0.04875433 -0.052455 -3.55924e-7 0.04786187 -0.05188065 -3.61485e-7 0.04893088 -0.05127787 -3.32255e-7 0.03764653 -0.02494931 -1.996423 0.03287905 -0.02489048 -1.996423 0.03164315 -0.04813879 -1.996423 0.03723448 -0.04825651 -1.996423 0.08595061 -0.01475203 -1.996422 0.07952344 -0.01475203 -1.996422 0.07902908 -0.01348078 -1.996422 0.04993033 -0.01355141 -1.996423 0.04922401 -0.02132046 -1.996423 0.05091905 -0.02117913 -1.996423 0.05501556 -0.02845382 -1.996423 0.05600428 -0.02838325 -1.996423 0.05649864 -0.02908951 -1.996423 0.06137204 -0.02937197 -1.996423 0.06073635 -0.02372181 -1.996423 0.06462097 -0.02336859 -1.996423 0.06426781 -0.02690005 -1.996423 0.06737542 -0.02718251 -1.996423 0.06702232 -0.02619373 -1.996423 0.07260191 -0.02619373 -1.996423 0.0733788 -0.02605253 -1.996423 0.0731669 -0.02230924 -1.996422 0.08234858 -0.0224505 -1.996422 0.08220732 -0.02004915 -1.996422 0.07874655 -0.01990789 -1.996422 0.07825213 -0.01552891 -1.996422 0.08609181 -0.01552891 -1.996422 -0.01670134 -0.02588999 -1.996424 -0.02072876 -0.01771295 -1.996424 -0.0388084 -0.02612388 -1.996424 -0.03417074 -0.03466707 -1.996424 -0.06356668 0.06478947 -1.996423 -0.07186573 0.06393516 -1.996423 -0.06905871 0.04404181 -1.996424 -0.06234622 0.04306536 -1.996424 -0.0415408 0.02891361 -1.996423 -0.01149445 0.008476257 -1.996423 -0.04169958 0.03320419 -1.996423 -0.0458492 0.03369235 -1.996423 -0.0458492 0.03515696 -1.996423 -0.04255414 0.03503465 -1.996423 -0.04292029 0.0402826 -1.996423 -0.04621529 0.04077094 -1.996423 -0.04658156 0.04333376 -1.996423 -0.04706972 0.0513888 -1.996423 -0.04121166 0.05077856 -1.996423 -0.0419436 0.05529445 -1.996423 -0.03889262 0.05566042 -1.996423 -0.03889244 0.05090075 -1.996423 -0.03340065 0.05199915 -1.996423 -0.03401076 0.05663686 -1.996423 -0.03169196 0.05651479 -1.996423 -0.03132593 0.05236524 -1.996423 -0.02619987 0.05260938 -1.996423 -0.02607792 0.05736917 -1.996423 -0.02363675 0.05724722 -1.996423 -0.02400314 0.05321949 -1.996423 -0.01802289 0.05395185 -1.996423 -0.01790082 0.05834549 -1.996423 -0.01655834 0.05822342 -1.996423 -0.01594823 0.05321943 -1.996423 -0.01424062 0.0360639 -1.996423 -0.01070016 4.96127e-4 -1.996423 -0.01826703 0.001594424 -1.996423 -0.02998334 0.00830698 -1.996424 -0.03523129 0.01318871 -1.996424 -0.0414555 0.02661377 -1.996423 -0.01083803 0.001880466 -1.996423 -0.09113597 0.08197969 -1.996423 -0.09673315 0.08722078 -1.996423 -0.05100446 -0.01442551 -1.996424 -0.0520724 -0.01286506 -1.996424 -0.01387321 0.05334162 -1.996423 -0.0125308 0.03881829 -1.996423 -0.007282257 0.03930699 -1.996423 -0.009357273 0.05724745 -1.996423 -0.01020979 0.06628012 -1.996422 -0.05341601 0.06310528 -1.996423 -0.0568332 0.09019929 -1.996423 -0.06287974 0.08928453 -1.996423 -0.07796907 0.08700168 -1.996423 -0.07814478 0.08348679 -1.996423 -0.05371624 0.09438294 -1.996423 -0.05020129 0.06608802 -1.996423 -0.005031764 0.06978112 -1.996422 -0.00327742 0.03691422 -1.996423 -0.06531542 -0.02951717 -1.996425 -0.03948092 -0.05306696 -1.996425 -0.03737199 -0.05130952 -1.996425 -0.03122091 -0.0574606 -1.996425 -0.03579026 -0.06167846 -1.996425 -0.06830304 -0.0298686 -1.996425 -0.09009563 0.0752269 -1.996423 -0.0923798 0.0741719 -1.996424 -0.08904099 0.03673863 -1.996424 -0.04176557 -0.005264401 -1.996424 -0.04615914 -0.006670296 -1.996424 -0.09361034 0.03603559 -1.996424 0.1000502 6.70592e-4 -1.996422 0.1022512 0.003224909 -1.996421 0.1128624 0.01553982 -1.996421 0.1135914 0.01638591 -1.996421 0.06211632 9.72306e-4 -1.996422 0.06426978 0.003253579 -1.996422 0.09366619 0.03439402 -1.996421 0.09469872 0.03548789 -1.996421 -0.006027936 0.004757881 -1.996423 -0.003993213 0.003373861 -1.996423 -0.004040062 0.007184982 -1.996423 -0.001921474 0.00735414 -1.996423 -0.002007365 0.01811695 -1.996423 0.005282521 0.01828747 -1.996423 0.005621135 1.49907e-4 -1.996423 0.03197968 8.28164e-4 -1.996423 0.03181862 0.006492972 -1.996423 0.03511381 0.006492853 -1.996423 0.03682279 7.57234e-4 -1.996423 0.04512161 8.78977e-4 -1.996423 0.04560995 0.002221584 -1.996423 0.04988139 0.002343595 -1.996422 0.05049145 -0.001317918 -1.996423 0.0539087 -0.001317918 -1.996422 0.0541529 0.001000881 -1.996422 0.05879056 0.003807902 -1.996422 0.05952286 0.03553968 -1.996422 0.09259712 0.03529566 -1.996421 0.09227526 0.03793799 -1.996421 0.05865651 0.03751438 -1.996422 0.05745559 0.003047823 -1.996422 0.03750312 0.003711581 -1.996423 0.03521502 0.008881807 -1.996423 0.03063791 0.00845772 -1.996423 0.03012943 0.001931667 -1.996423 0.00707674 0.001508176 -1.996423 0.007246077 0.02057754 -1.996423 -0.002755761 0.02015286 -1.996423 -0.002924025 0.008288502 -1.996423 -0.005890667 0.008288323 -1.996423 0.08771604 8.79744e-4 -1.996422 0.09650307 0.03200083 -1.996421 0.09540402 0.006370723 -1.996422 0.09223163 0.00698179 -1.996422 0.09198725 0.001367509 -1.996422 0.1026043 0.005760014 -1.996421 0.09576058 0.005608141 -1.996422 0.09728115 0.03140705 -1.996421 0.1107673 0.01644557 -1.996421 0.1122403 0.01654547 -1.996421 0.1018728 5.1307e-4 -3.515261 0.1139081 0.01384806 -1.996421 0.1066982 0.006098628 -1.996421 0.1087582 0.003793478 -1.996421 0.1074339 0.002174854 -1.996421 0.1059134 0.002223968 -1.996421 0.1059625 7.52578e-4 -1.996421 0.1082186 8.9972e-4 -1.996421 0.1178319 0.01066011 -1.996421 0.1268075 4.09247e-4 -1.996421 0.1281318 0.001684427 -1.996421 -0.003955543 3.1983e-4 -1.996423 -0.006144702 0.001762509 -1.996423 -0.004489541 -0.0812391 -1.996425 -0.006470263 -0.08305358 -1.996425 -0.02774608 -0.05299246 -1.996425 -0.0244407 -0.0529077 -1.996424 -0.02359306 -0.04883944 -1.996424 -0.02164375 -0.04866999 -1.996424 -0.02113527 -0.05341625 -1.996424 -0.009863078 -0.05172109 -1.996424 -0.009269773 -0.04705971 -1.996424 -0.014355 -0.03866904 -1.996424 -0.01054108 -0.03816056 -1.996424 -0.00977832 -0.03375339 -1.996424 -0.007998466 -0.03366857 -1.996424 -0.008167982 -0.04002517 -1.996424 -0.004099786 -0.04087269 -1.996424 -0.006472826 -0.08036792 -1.996425 -0.009720325 -0.08128321 -1.996425 -0.009134531 -0.05506783 -1.996424 -0.02334058 -0.05653244 -1.996424 -0.0338853 -0.06502676 -1.996425 0.01166439 -0.08833473 -1.996425 0.02879709 -0.08802008 -1.996424 0.02982223 -0.08567684 -1.996424 0.03231191 -0.08626264 -1.996424 0.03187263 -0.08831304 -1.996424 0.04915422 -0.08802008 -1.996424 0.04915428 -0.08611619 -1.996424 0.05559813 -0.08567684 -1.996424 0.05501246 -0.07981866 -1.996424 0.05310851 -0.07791471 -1.996424 0.05281478 -0.06898015 -1.996423 0.05515933 -0.06898152 -1.996423 0.05521994 -0.06800699 -1.996423 0.0553053 -0.06663775 -1.996423 0.06116348 -0.06707715 -1.996423 0.06248152 -0.07454627 -1.996423 0.07244044 -0.07483923 -1.996423 0.07185465 -0.06956684 -1.996423 0.06731456 -0.06737005 -1.996423 0.07287979 -0.06707715 -1.996423 0.07287979 -0.06195122 -1.996423 0.0843032 -0.06195122 -1.996423 0.08562129 -0.05741113 -1.996423 0.1160838 -0.05960792 -1.996422 0.1156841 -0.04215466 -1.996422 0.1156445 -0.04042237 -1.996422 0.1027565 -0.04027599 -1.996422 0.1015849 -0.03807914 -1.996422 0.1034888 -0.03720045 -1.996422 0.1062713 -0.03734683 -1.996422 0.09997385 -0.02914541 -1.996422 0.09689831 -0.03251385 -1.996422 0.09558022 -0.02958482 -1.996422 0.09660536 -0.02782738 -1.996422 0.09338343 -0.02387309 -1.996422 0.09206533 -0.01435357 -1.996422 0.1014384 -0.01362127 -1.996422 0.1031958 -0.01537877 -1.996422 0.1020241 -0.01611101 -1.996422 0.1131547 -0.02665573 -1.996422 0.1330724 -0.008934736 -1.996421 0.1234065 -0.007909595 -1.996421 0.1162303 -7.33367e-4 -1.996421 0.1295576 -7.33368e-4 -1.996421 0.1207703 -0.001758456 -1.996421 0.1254569 -0.00541985 -1.996421 0.1370268 -0.006884396 -1.996421 0.1112508 -0.03090292 -1.996422 0.09997385 -0.01816129 -1.996422 0.097777 -0.02152979 -1.996422 0.1077359 -0.03266036 -1.996422 0.109054 -0.03778624 -1.996422 0.1176948 -0.03837203 -1.996422 0.1172555 -0.06429451 -1.996422 0.08825749 -0.06151187 -1.996423 0.08518195 -0.0654661 -1.996423 0.07551598 -0.0654661 -1.996423 0.07536953 -0.07542502 -1.996423 0.06013298 -0.07746976 -1.996423 0.05867373 -0.09036338 -1.996424 0.008293509 -0.09109562 -1.996425 0.07252752 -0.04468715 -1.996423 0.07247942 -0.05663228 -1.996423 0.04654479 -0.05646276 -1.996423 0.04665952 -0.05110687 -1.996423 0.04679912 -0.0445972 -1.996423 0.04476493 -0.04476678 -1.996423 0.04552775 -0.05731028 -1.996423 0.07358121 -0.05739504 -1.996423 0.04145956 -0.06858253 -1.996424 0.04145956 -0.06765025 -1.996424 0.03883218 -0.08299064 -1.996424 0.03501832 -0.0830754 -1.996424 0.03476411 -0.0807023 -1.996424 0.03849321 -0.08036327 -1.996424 0.03917121 -0.07756644 -1.996424 0.03535729 -0.07722741 -1.996424 0.03501063 -0.07533377 -1.996424 0.03878736 -0.07518666 -1.996424 -0.005091071 -0.02565592 -1.996424 -0.003850579 -0.02563095 -1.996424 0.0221064 -0.02510762 -1.996423 0.02514207 -0.0250464 -1.996423 0.02150923 -0.01397275 -1.996423 0.02816271 -0.01849848 -1.996423 -0.005034685 -0.01647436 -1.996424 -0.006682693 -0.01529723 -1.996424 -0.006211817 -0.01476746 -1.996424 0.02562952 -0.01865202 -1.996423 0.02509981 -0.02124178 -1.996423 0.02203929 -0.02336061 -1.996423 0.02321642 -0.02082967 -1.996423 0.02103871 -0.01623886 -1.996423 0.01986151 -0.01517951 -1.996423 0.01609474 -0.01517951 -1.996423 0.01168048 -0.01488518 -1.996423 0.01097416 -0.01871091 -1.996423 0.007854819 -0.01835775 -1.996423 0.008031368 -0.01512062 -1.996423 -0.003857553 -0.01541495 -1.996424 0.02115643 -0.03931075 -1.996424 0.02068555 -0.03554385 -1.996423 0.02315747 -0.03213024 -1.996423 0.0228632 -0.03007024 -1.996423 0.02527642 -0.02965819 -1.996423 0.02533525 -0.03224796 -1.996423 0.02774834 -0.03265988 -1.996423 0.02833694 -0.034249 -1.996423 0.02574717 -0.03495538 -1.996423 0.02504098 -0.0365445 -1.996423 0.02698326 -0.03713297 -1.996423 0.02557069 -0.0391342 -1.996423 0.02668893 -0.03995811 -1.996423 0.02668893 -0.04437237 -1.996424 0.02474659 -0.04366612 -1.996424 0.02309864 -0.04478436 -1.996424 0.02168607 -0.04425472 -1.996424 0.0213918 -0.0406056 -1.996424 0.0251587 -0.02653878 -1.996423 0.02215701 -0.02642107 -1.996423 -0.003850102 -0.02632325 -1.996424 -0.002760112 -0.02618706 -1.996424 -0.002964556 -0.02717483 -1.996424 -0.00374794 -0.02744734 -1.996424 -0.003679752 -0.03861922 -1.996424 -0.002249181 -0.03861922 -1.996424 -0.001261532 -0.04004973 -1.996424 0.02869004 -0.01376694 -1.996423 0.03710657 -0.01353144 -1.996423 0.03763628 -0.01459085 -1.996423 0.04399275 -0.01453202 -1.996423 0.04387503 -0.0159446 -1.996423 0.03710657 -0.01588577 -1.996423 0.03716546 -0.01735723 -1.996423 0.03563517 -0.01694518 -1.996423 0.03528195 -0.01553267 -1.996423 0.033634 -0.01582694 -1.996423 0.03369283 -0.0181812 -1.996423 0.03180944 -0.01841664 -1.996423 0.03033798 -0.01565039 -1.996423 0.02951407 -0.01841664 -1.996423 0.1160188 -0.05676859 -1.996422 0.09193676 -0.04526269 -1.996423 0.09271371 -0.04808777 -1.996423 0.09553885 -0.05048912 -1.996423 0.09568005 -0.0546562 -1.996423 0.100624 -0.05522119 -1.996423 0.1008359 -0.05642187 -1.996423 0.1081812 -0.04173123 -1.996422 0.1059918 -0.04490953 -1.996422 -0.06200027 0.02805072 -1.996424 -0.06440162 0.02826261 -1.996424 -0.06468415 0.03045207 -1.996424 -0.0622121 0.03038144 -1.996424 -0.06644988 0.02805072 -1.996424 -0.06814491 0.0286864 -1.996424 -0.06793302 0.02981638 -1.996424 -0.06652045 0.02981638 -1.996424 -0.06108212 0.08010363 -1.996423 -0.06482541 0.07628971 -1.996423 -0.06976938 0.08038616 -1.996423 -0.06969875 0.08257561 -1.996423 0.07006043 -0.03432714 -1.996423 0.06623476 -0.03485685 -1.996423 0.06664675 -0.03250265 -1.996423 0.06964844 -0.03185516 -1.996423 0.07253533 -0.04274296 -1.996423 0.06764733 -0.04327332 -1.996423 0.06752961 -0.04556882 -1.996423 0.04662805 -0.05257642 -1.996423 0.04875433 -0.052455 -1.996423 0.04786187 -0.05188065 -1.996423 0.04893088 -0.05127787 -1.996423 0.002480804 -0.03992635 -8.84264e-7 0.002480804 -0.03992635 -1.996424 0.005564033 -0.03982472 -8.37684e-7 0.005564033 -0.03982472 -1.996424 0.005729496 -0.04077231 -8.52998e-7 0.005729496 -0.04077225 -1.996424 0.002502799 -0.04080861 -8.99662e-7 0.002502799 -0.04080855 -1.996424</float_array>
          <technique_common>
            <accessor source="#indoor_environment-mesh-positions-array" count="1070" stride="3">
              <param name="X" type="float"/>
              <param name="Y" type="float"/>
              <param name="Z" type="float"/>
            </accessor>
          </technique_common>
        </source>
        <source id="indoor_environment-mesh-normals">
          <float_array id="indoor_environment-mesh-normals-array" count="5742">-1.74844e-5 -1.74846e-5 1 -1.74847e-5 -1.74846e-5 1 -1.86415e-5 -1.81127e-5 1 -1.74845e-5 -1.74845e-5 1 5.93085e-6 -3.36104e-5 1 -1.74845e-5 -1.74852e-5 1 -1.74847e-5 -1.74846e-5 1 -7.00293e-6 -4.46185e-6 1 -1.74857e-5 -1.74857e-5 1 -1.74845e-5 -1.74854e-5 1 -1.74851e-5 -1.74837e-5 1 -1.74832e-5 -1.7488e-5 1 -1.74845e-5 -1.74851e-5 1 -1.91708e-5 -8.59903e-6 1 -1.80255e-5 -1.68369e-5 1 -1.9347e-5 -1.6416e-5 1 -5.29791e-6 -1.15039e-5 1 0 0 1 -1.74846e-5 -1.74845e-5 1 -1.74847e-5 -1.74846e-5 1 -1.73619e-5 -1.78195e-5 1 -1.73619e-5 -1.78188e-5 1 -1.74844e-5 -1.74846e-5 1 -2.90194e-5 -5.73015e-5 1 -3.43042e-5 0 -1 -9.82632e-5 0 -1 0 0 -1 0 4.7253e-5 -1 2.57508e-5 9.87546e-5 -1 2.67977e-5 -3.55228e-5 -1 -9.16519e-5 0 -1 1.39697e-5 4.77448e-6 -1 2.02297e-4 3.69306e-5 -1 8.4432e-6 0 -1 6.25437e-5 0 -1 -0.7575567 0.6527687 -9.76764e-4 8.98104e-6 0 -1 -9.07086e-5 0 -1 1.09287e-5 0 -1 3.26803e-5 -1.6098e-4 -1 -1.04103e-4 0 -1 -1.47079e-4 0 -1 0.02474391 -0.9996939 0 4.786e-5 6.23041e-5 -1 1.27573e-5 0 -1 3.66851e-5 0 -1 5.29861e-5 0 -1 -1.50029e-4 0 -1 8.81014e-5 -3.29187e-4 -1 8.80729e-5 -3.29212e-4 -1 8.80821e-5 -3.29152e-4 -1 -0.992277 -0.124042 0 -0.01836252 0.9998314 0 -0.6993384 -0.7147908 0 -0.8099412 0.5865111 0 -0.9161535 0.4008277 0 -0.7233557 0.6904756 0 -0.9899509 -0.1414117 0 0.2290337 0.9734185 0 0.9883399 0.1522641 0 -0.168291 0.9857374 0 0.9778106 -0.2094911 0 0.4193101 -0.9078431 0 0.9997416 0.02273571 0 -0.01695001 0.9998564 0 0.9960459 0.08884078 0 0.1682921 0.9857372 0 -1 3.13628e-5 0 0.6641907 0.7475633 0 0.9377419 0.3473327 0 -0.06802207 0.9976838 0 0.7041111 -0.7100899 0 0.2631291 -0.9647607 0 -0.9950388 -0.0994879 0 -0.7233515 0.6904801 0 0.9138177 -0.4061248 0 -0.6689641 -0.7432947 0 0.2899895 0.9570298 0 -0.9994601 -0.03285872 0 -0.998144 -0.06089705 0 0.8169731 -0.576676 0 0.9950833 0.09904152 0 0.5932016 0.805054 0 -0.9980653 0.06217491 0 1 0 0 0.07479703 0.9971988 0 0.7575657 -0.652759 0 -0.341753 -0.9397899 0 0.9847846 0.1737794 0 0.5615168 -0.8274654 0 0.0294038 0.9995676 0 0.01233881 0.9999239 0 -0.3511147 -0.9363325 0 -0.9938846 -0.1104247 0 0.727178 -0.6864491 0 -0.9985901 0.05308574 0 -0.9967643 -0.0803802 0 -0.4355566 -0.9001613 0 -0.02104914 -0.9997785 0 0.00969547 -0.999953 0 -0.05255699 0.998618 0 0.9998438 -0.01767611 0 -0.9978846 -0.06501024 0 -1 0 0 0.9999245 0.01229208 0 0 1 0 0.999938 0.01113981 0 0.07959586 -0.9968273 0 0.9320155 0.3624186 0 -0.03918755 -0.9992319 0 -0.9603457 0.2788121 0 0.9999683 0.007974386 0 -0.00242722 0.9999971 0 -0.9992602 -0.03845888 0 0.07192766 0.9974099 0 0.02339309 -0.9997264 0 -0.9958935 0.09053343 0 0.9999998 6.89273e-4 0 -0.9997391 -0.02284741 0 -0.9998258 -0.01866918 0 0.08305531 -0.996545 0 -0.1240413 0.9922771 0 -0.01136153 -0.9999355 0 0.02572339 -0.9996692 0 -0.871348 -0.4906657 0 0.9792568 -0.2026237 0 -0.8823623 -0.4705706 0 0.9995962 0.02841663 0 0.07124924 -0.9974586 0 0.3285498 -0.9444867 0 -0.4190444 0.9079657 0 -3.61774e-5 -1 0 -0.8192679 -0.573411 0 0.9999815 0.006098091 0 0.05255538 0.998618 0 -0.9583611 -0.2855592 0 -0.05786299 -0.9983246 0 -0.7931533 -0.6090221 0 0.0146684 -0.9998925 0 0.9937319 0.1117897 0 0.8229033 0.5681815 0 0.738486 -0.6742689 0 0.9397662 -0.3418179 0 0.09054076 -0.9958928 0 -0.03294509 0.9994572 0 -0.9119222 -0.4103634 0 0.02856612 -0.999592 0 -0.9950361 0.09951436 0 -0.02865761 0.9995893 0 -0.8637857 0.5038594 0 -0.9864053 -0.1643306 0 -0.09053915 -0.9958929 0 -0.02796262 0.999609 0 -0.7752435 -0.6316625 0 0 -1 0 0.9417517 0.3363093 0 0.8944237 0.4472207 0 -0.9905499 -0.1371528 0 0.9945 -0.1047365 0 -0.009254574 0.9999573 0 -0.07789057 0.996962 0 -0.003595769 -0.9999936 0 0.9965454 -0.08305031 0 0.7071275 0.7070862 0 0.9984017 0.05651772 0 -0.008698761 -0.9999622 0 0.5299902 -0.8480038 0 -0.0153833 -0.9998818 0 0.9992002 0.0399897 0 0.6877456 0.7259518 0 0.9982746 0.05871844 0 -0.2599672 -0.9656175 0 -0.6647049 0.7471061 0 0.04078328 0.999168 0 -0.970138 -0.242554 0 -0.1054648 -0.994423 0 0.7109626 0.7032298 0 0.9936864 0.1121941 0 0.1757876 -0.9844282 0 -0.7071083 -0.7071053 0 -0.0125994 0.9999207 0 0.9996879 0.0249812 0 -0.1074013 0.9942158 0 -0.9993937 0.03482007 0 0.9838811 0.1788241 0 0.1240424 -0.9922769 0 0.86138 0.5079611 0 0.03324544 0.9994472 0 0.8970897 0.4418484 0 -0.8828661 -0.4696251 0 0.1158764 -0.9932637 0 0.9144525 0.4046934 0 -0.4218058 0.9066863 0 0.9583873 -0.2854714 0 0.6156352 0.7880313 0 -0.09225964 0.9957351 0 -0.8788591 -0.4770815 0 0.06049078 -0.9981688 0 0.12558 0.9920836 0 -0.9969777 0.07768905 0 0.4489483 -0.8935577 0 -0.9997382 -0.02288526 0 0.6817254 -0.7316082 0 -0.0183649 0.9998314 0 -0.1023992 0.9947434 0 -0.7488344 -0.6627573 0 0.9999606 -0.008879601 0 -0.9901913 -0.139719 0 -0.9642022 -0.2651684 0 0.8376067 -0.5462737 0 -0.04242157 0.9990998 0 -0.1439436 -0.9895859 0 -0.6476456 -0.7619418 0 0.7452425 0.6667936 0 -0.9998995 0.01418077 0 0.9984257 0.05609089 0 -0.9994264 -0.0338658 0 0.9684937 0.2490386 0 -6.02761e-5 1 0 -0.11354 -0.9935334 0 0.06764477 0.9977095 0 -0.9992443 0.03886997 0 -0.9993155 -0.03699475 0 -0.9847813 -0.1737983 0 0.9998565 -0.01694416 0 -0.003615736 -0.9999936 0 -0.1168355 -0.9931513 0 -0.02283024 -0.9997394 0 -0.09552091 -0.9954274 0 0.1007308 0.9949138 0 0.7893492 -0.6139445 0 -0.6448022 -0.7643495 0 0.03707635 0.9993125 0 0.05634546 0.9984114 0 -0.9990819 0.04284167 0 -0.9975749 -0.06960099 0 -0.8235197 0.5672878 0 0.9998919 -0.01470452 0 0.1891433 0.9819496 0 -0.1466028 -0.9891955 0 -0.02511483 0.9996846 0 0.1330072 -0.9911151 0 -0.999054 0.04348731 0 -0.9899413 -0.1414791 0 -0.08789622 -0.9961297 0 0.9936569 -0.1124543 0 -0.08611381 -0.9962853 0 -0.9981687 -0.06049257 0 -0.9917763 -0.1279841 0 0.01453274 -0.9998944 0 0.1036074 0.9946184 0 0.0285601 0.9995921 0 -0.4783511 -0.8781687 0 -0.9871159 -0.1600068 0 0.9958931 0.09053683 0 -0.9999919 0.004027724 0 -0.1191167 0.9928804 0 -0.3511448 -0.9363213 0 0.006536245 0.9999787 0 1 3.76359e-5 0 -0.9828717 0.1842917 0 0.9997704 -0.02143061 0 -0.1961106 0.9805818 0 -0.08304959 0.9965455 0 -0.9914561 -0.130441 0 0.9992021 0.03993988 0 -0.9981561 -0.06070131 0 0.710992 0.7032001 0 0.05257081 0.9986173 0 0.1495857 -0.9887488 0 -0.003021419 -0.9999955 0 -0.08610665 -0.996286 0 0.9961323 0.08786559 0 0.7136855 -0.7004664 0 0.9999792 0.006458222 0 0.9904044 -0.1381997 0 -0.04757338 0.9988678 0 -0.6380198 -0.77002 0 -0.8506096 -0.5257979 0 -0.9996717 0.02562564 0 -0.99948 0.03224641 0 -0.03499537 -0.9993875 0 -0.7321343 0.6811603 0 0.04989343 0.9987546 0 -0.7013288 0.7128379 0 -0.7456495 -0.6663385 0 0.995888 -0.09059393 0 0.9813655 0.1921505 0 0.02591645 0.9996641 0 -0.7739537 0.6332421 0 -0.1215535 0.992585 0 0.1371522 -0.9905501 0 0.02221971 -0.9997532 0 0.03224551 0.99948 0 -0.9996143 0.02777147 0 -0.9850316 0.1723738 0 -0.9943116 -0.1065104 0 -0.9994435 -0.03335976 0 0.0905593 0.9958912 0 -0.2108407 0.9775205 0 0.06508111 -0.99788 0 0.9926477 0.1210407 0 0.9863942 0.1643977 0 0.7124553 -0.7017176 0 0.9950824 0.09905165 0 -0.9999919 0.004022955 0 0.1923787 -0.9813209 0 -0.7523545 -0.6587585 0 -0.1436492 -0.9896287 0 -0.4971135 -0.8676856 0 -0.1078692 0.9941652 0 0.7109914 0.7032008 0 -0.6811026 -0.7321881 0 -0.9986876 0.05121737 0 -0.03892129 0.9992424 0 -0.0261296 -0.9996586 0 -0.9072353 -0.4206238 0 0.1737257 -0.9847941 0 0.9872364 0.1592618 0 0.999924 0.01233285 0 -0.9993139 -0.03703945 0 0.9997705 -0.02142268 0 0.02498066 0.999688 0 -0.9992419 0.03893208 0 -0.9989469 0.04588192 0 0.02513772 0.999684 0 0.05698424 -0.9983751 0 0.9999998 6.88464e-4 0 -0.7893894 0.6138929 0 0.07507926 0.9971777 0 -0.02563393 0.9996714 0 -0.05878573 0.9982706 0 -0.9789785 0.2039635 0 0.9957551 0.09204298 0 -0.9999812 0.006141126 0 -0.08660274 0.996243 0 -0.09271091 0.9956931 0 -0.5812321 -0.8137379 0 0.9943088 0.106537 0 -0.9933776 -0.1148953 0 0.9889396 -0.1483195 0 -0.747393 0.6643822 0 -0.1487069 0.9888814 0 -0.9955749 -0.09397119 0 -0.02865624 0.9995894 0 -0.9919971 0.1262606 0 0.07328367 -0.9973112 0 0.06047904 -0.9981695 0 -0.8551974 -0.5183026 0 -0.9921399 -0.1251342 0 0.9797157 -0.2003931 0 -0.1321689 0.9912272 0 0.1495868 -0.9887487 0 0.9999384 0.01110589 0 -0.9853513 0.1705372 0 0.998753 -0.0499252 0 -0.04756879 0.998868 0 0.1152362 -0.9933381 0 0.9996447 -0.02665865 0 -0.1642356 0.9864212 0 0.203949 0.9789816 0 0.9923725 0.1232758 0 0.9981998 -0.05997753 0 -0.08148872 0.9966743 0 0.4021623 0.9155684 0 0.9985786 0.0532996 0 -0.4783542 -0.8781671 0 0.07732981 -0.9970056 0 -0.9997504 0.02233982 0 0.7256266 -0.6880888 0 0.1025499 -0.994728 0 0.6736737 0.739029 0 0.627328 -0.7787553 0 -0.6401842 0.7682216 0 -0.8691705 -0.4945128 0 0.7071071 0.7071065 0 0.4021639 0.9155677 0 -0.998516 0.05445909 0 -0.1124952 -0.9936523 0 0.983383 -0.1815435 0 -0.06651586 -0.9977855 0 -0.6689592 -0.7432992 0 -0.9035002 -0.4285877 0 -0.9067247 0.4217231 0 -0.9992617 -0.03841894 0 -0.03294968 0.9994571 0 0.01064717 -0.9999434 0 -1.4465e-5 -1.94861e-5 1 -1.45205e-5 -1.78138e-5 1 0.9996895 0.02491956 0 -0.9851073 -0.1719412 0 -3.20356e-5 -2.01969e-5 1 -1.74845e-5 -1.74846e-5 1 -1.74845e-5 -1.74847e-5 1 -1.74843e-5 -1.74844e-5 1 -1.74846e-5 -1.74847e-5 1 -1.74847e-5 -1.74846e-5 1 -1.74845e-5 -1.74847e-5 1 -1.74848e-5 -1.74845e-5 1 -1.74841e-5 -1.74815e-5 1 -1.74845e-5 -1.74848e-5 1 -1.74848e-5 -1.74846e-5 1 -1.74844e-5 -1.74842e-5 1 -1.74842e-5 -1.74848e-5 1 -1.74844e-5 -1.74844e-5 1 -1.74847e-5 -1.74845e-5 1 -1.74846e-5 -1.74846e-5 1 -1.74847e-5 -1.74846e-5 1 -1.74852e-5 -1.7485e-5 1 -1.74847e-5 -1.74843e-5 1 -1.74846e-5 -1.74847e-5 1 -1.74846e-5 -1.74845e-5 1 -1.86867e-5 -1.80769e-5 1 -1.74845e-5 -1.74845e-5 1 -1.42068e-5 -1.73628e-5 1 -1.5095e-5 -1.39716e-5 1 -1.74845e-5 -2.27513e-5 1 -1.74844e-5 -1.74848e-5 1 -1.74846e-5 -1.74852e-5 1 -1.74848e-5 -1.74847e-5 1 -1.74844e-5 -1.74849e-5 1 -1.7485e-5 -1.74845e-5 1 -1.74852e-5 -1.74848e-5 1 -1.44389e-5 -1.51334e-5 1 -1.18809e-5 -1.65183e-5 1 -1.74851e-5 -1.74848e-5 1 -3.16873e-5 -3.32114e-5 1 -1.74847e-5 -1.74844e-5 1 -1.74848e-5 -1.74845e-5 1 -1.62215e-5 -2.20325e-5 1 -1.74849e-5 -1.74846e-5 1 -1.7485e-5 -1.74845e-5 1 -5.15563e-5 -3.58032e-5 1 5.97938e-6 -3.38853e-5 1 -6.2013e-5 -8.15883e-6 1 -5.28245e-5 -1.17317e-5 1 6.87534e-6 -3.43777e-5 1 -1.74845e-5 -1.74844e-5 1 -1.7485e-5 -1.74853e-5 1 -1.74845e-5 -1.74845e-5 1 -1.74845e-5 -1.74845e-5 1 -1.74845e-5 -1.74844e-5 1 -1.74845e-5 -1.74847e-5 1 -1.74846e-5 -1.74847e-5 1 -1.74846e-5 -1.74847e-5 1 -1.74844e-5 -1.7485e-5 1 -1.7485e-5 -1.74846e-5 1 -5.57141e-5 -2.65565e-5 1 -1.74845e-5 -1.74847e-5 1 -1.80315e-5 -1.70773e-5 1 -1.7484e-5 -1.74848e-5 1 -1.74848e-5 -1.74846e-5 1 -1.42426e-5 -5.23005e-5 1 -2.12291e-5 -1.79568e-5 1 -1.71248e-5 -2.23801e-5 1 -2.47792e-5 -2.96932e-5 1 -1.7146e-5 -1.79848e-5 1 2.23224e-6 -3.53205e-5 1 -4.59146e-5 -2.96691e-5 1 -5.0518e-5 -3.83234e-5 1 -3.95134e-6 -3.0403e-5 1 -1.74848e-5 -1.74848e-5 1 -1.74846e-5 -1.74845e-5 1 -1.74843e-5 -1.74845e-5 1 1.63175e-6 -3.57315e-5 1 -9.32127e-6 -2.88884e-5 1 -1.74858e-5 -1.74846e-5 1 -1.74847e-5 -1.74847e-5 1 -1.40547e-5 -1.40964e-5 1 -1.74837e-5 -1.74839e-5 1 -1.74827e-5 -1.74865e-5 1 -1.74878e-5 -1.74869e-5 1 -1.74835e-5 -1.74848e-5 1 -1.74841e-5 -1.74843e-5 1 -1.7485e-5 -1.74801e-5 1 -1.74849e-5 -1.74842e-5 1 -1.74902e-5 -1.74836e-5 1 -1.74795e-5 -1.74856e-5 1 -1.74842e-5 -1.74846e-5 1 -1.74844e-5 -1.74844e-5 1 -1.74845e-5 -1.74852e-5 1 -7.05672e-5 -2.96199e-6 1 -1.14589e-5 -2.3777e-5 1 -1.88416e-5 -2.13775e-5 1 -1.26492e-5 -1.36713e-5 1 -1.88697e-5 -1.20214e-5 1 -1.43652e-5 -9.60234e-6 1 -1.6799e-5 -1.99132e-5 1 -1.74836e-5 -1.74838e-5 1 -1.60463e-5 -2.05292e-5 1 -1.14591e-5 -2.37749e-5 1 -1.14592e-5 -2.37755e-5 1 -1.9171e-5 -8.59949e-6 1 -1.95151e-5 -1.01696e-5 1 -1.73412e-6 -2.50162e-5 1 -6.21806e-6 -2.2634e-5 1 -1.74814e-5 -1.74839e-5 1 -1.45551e-5 -1.96771e-5 1 -1.94982e-5 -1.01723e-5 1 -1.91706e-5 -8.59904e-6 1 -2.20799e-5 -1.72523e-5 1 -1.74852e-5 -1.74846e-5 1 -2.49241e-5 -1.74547e-5 1 -1.13022e-5 -1.63259e-5 1 -1.74841e-5 -1.74843e-5 1 -1.74853e-5 -1.74846e-5 1 -1.74852e-5 -1.74849e-5 1 -1.74857e-5 -1.74847e-5 1 -1.78022e-5 -2.57149e-5 1 -1.74223e-5 -2.05952e-5 1 -1.74219e-5 -2.05952e-5 1 -1.46973e-5 -1.86893e-5 1 -1.45208e-5 -1.78138e-5 1 -1.71388e-5 -1.02685e-5 1 -1.91707e-5 -8.59993e-6 1 -1.7421e-5 -2.05935e-5 1 -4.21926e-6 -1.13864e-5 1 -1.74223e-5 -2.0594e-5 1 -1.74221e-5 -2.05936e-5 1 -2.15326e-5 -2.34356e-5 1 -9.21256e-5 2.74411e-5 1 -2.61912e-5 -2.29164e-5 1 3.80675e-5 -9.51639e-5 1 -1.34701e-5 -3.23279e-5 1 -3.50738e-5 -1.60185e-5 1 -2.90218e-5 1.18726e-5 1 1.28948e-5 -7.22126e-5 1 -1.74845e-5 -1.74842e-5 1 -1.74846e-5 -1.74846e-5 1 -1.74846e-5 -1.74846e-5 1 -1.74848e-5 -1.74847e-5 1 -1.74845e-5 -1.74845e-5 1 -1.74845e-5 -1.74844e-5 1 -1.73626e-5 -1.78191e-5 1 -1.73624e-5 -1.78185e-5 1 -5.64348e-6 -1.96716e-5 1 -1.74846e-5 -1.74848e-5 1 -1.74849e-5 -1.74854e-5 1 1.42523e-4 0 -1 2.59867e-5 4.88656e-5 -1 1.16399e-4 0 -1 1.88097e-5 0 -1 0 -3.39449e-5 -1 -1.52932e-5 0 -1 3.63512e-5 0 -1 7.05084e-5 0 -1 1.24043e-4 -9.22753e-5 -1 3.9623e-5 2.52176e-4 -1 0 -2.33879e-4 -1 0 -2.33879e-4 -1 0 -2.33879e-4 -1 -6.2715e-5 0 -1 1.61143e-5 0 -1 1.04692e-4 8.58116e-5 -1 -1.44884e-5 4.42611e-5 -1 -7.23091e-6 0 -1 7.87459e-6 0 -1 1.80928e-5 0 -1 -3.28126e-5 0 -1 -4.92199e-5 0 -1 -1.8859e-4 0 -1 1.1768e-5 5.21473e-5 -1 1.18384e-5 5.21426e-5 -1 1.18237e-5 5.20868e-5 -1 1.12672e-4 0 -1 -3.84773e-5 0 -1 1.33152e-5 0 -1 8.49239e-5 0 -1 -4.26797e-5 0 -1 -9.93104e-6 0 -1 5.42688e-5 0 -1 -1.72821e-5 0 -1 2.21212e-4 0 -1 3.31348e-5 0 -1 9.02084e-5 0 -1 4.33939e-5 -5.12237e-5 -1 4.08713e-5 5.49095e-5 -1 -1.22949e-4 0 -1 -9.58959e-6 0 -1 -8.29867e-5 0 -1 0 9.92475e-5 -1 6.80819e-5 3.53215e-5 -1 7.24054e-5 0 -1 2.35445e-5 -2.58347e-5 -1 9.68909e-5 2.98005e-5 -1 3.12246e-4 1.22918e-4 -1 3.12248e-4 1.22911e-4 -1 3.12254e-4 1.22897e-4 -1 -1.65216e-4 7.10788e-5 -1 9.37921e-5 0 -1 7.41785e-5 1.06289e-4 -1 -8.12203e-5 1.5354e-6 -1 -8.12261e-5 1.57596e-6 -1 -8.12196e-5 1.53595e-6 -1 8.99322e-5 1.5399e-5 -1 8.99284e-5 1.541e-5 -1 8.99301e-5 1.54037e-5 -1 3.49126e-5 0 -1 -3.71026e-6 0 -1 -2.36104e-4 5.89712e-5 -1 -2.36124e-4 5.89625e-5 -1 -2.36103e-4 5.8975e-5 -1 -6.93673e-5 2.72229e-5 -1 -6.93672e-5 2.72273e-5 -1 -6.93631e-5 2.71937e-5 -1 -5.68045e-5 0 -1 1.10854e-4 0 -1 2.7903e-5 1.39251e-5 -1 -3.10986e-5 0 -1 3.5998e-5 3.95453e-6 -1 1.75199e-5 1.23915e-5 -1 1.75282e-5 1.24129e-5 -1 1.75003e-5 1.24041e-5 -1 3.59818e-5 0 -1 2.60876e-4 0 -1 3.53361e-5 0 -1 4.88162e-5 -3.78618e-4 -1 6.9536e-5 3.87135e-4 -1 6.94937e-5 3.87165e-4 -1 6.9523e-5 3.87149e-4 -1 3.11067e-5 0 -1 -5.54746e-4 0 -1 -3.79244e-6 0 -1 -1.68371e-4 0 -1 -1.68438e-4 0 -1 -1.68355e-4 0 -1 1.53472e-5 0 -1 9.97249e-6 0 -1 4.51924e-5 0 -1 -9.81041e-5 0 -1 2.49206e-4 1.91821e-5 -1 8.55055e-5 0 -1 -2.61337e-4 2.83729e-5 -1 -2.61363e-4 2.83946e-5 -1 -2.61363e-4 2.83665e-5 -1 -2.65303e-5 2.98788e-5 -1 -2.65264e-5 2.98644e-5 -1 -2.65204e-5 2.98591e-5 -1 -2.52928e-5 0 -1 1.68517e-4 0 -1 1.68487e-4 0 -1 1.68469e-4 0 -1 1.49903e-4 0 -1 1.49722e-4 0 -1 1.49852e-4 0 -1 -1.9219e-4 4.05338e-5 -1 -1.23889e-4 0 -1 -6.65655e-5 1.29792e-4 -1 -6.65868e-5 1.29775e-4 -1 -6.65579e-5 1.29799e-4 -1 4.01996e-5 3.9034e-5 -1 -1.78126e-4 0 -1 -8.25939e-5 0 -1 -1.55613e-4 0 -1 1.30228e-5 0 -1 5.71641e-5 0 -1 2.65337e-4 2.14713e-6 -1 2.65336e-4 2.17246e-6 -1 2.65355e-4 2.15585e-6 -1 -4.98329e-5 0 -1 1.45585e-4 -1.16556e-4 -1 -8.74276e-5 -6.97927e-6 -1 -8.73992e-5 -6.98841e-6 -1 -8.7399e-5 -6.97776e-6 -1 -1.99467e-4 0 -1 -7.98249e-5 0 -1 1.6296e-4 -5.00186e-5 -1 -2.66887e-5 0 -1 -8.8072e-5 4.11853e-5 -1 4.07693e-5 0 -1 -2.39045e-5 0 -1 5.59803e-5 0 -1 -4.51108e-5 3.27055e-5 -1 2.39431e-4 0 -1 3.35569e-4 0 -1 3.35569e-4 0 -1 3.35569e-4 0 -1 -3.62108e-5 0 -1 6.95862e-5 0 -1 1.73128e-5 0 -1 -6.40423e-5 0 -1 -2.66058e-5 0 -1 -1.78686e-4 0 -1 -3.73674e-5 0 -1 -2.40153e-5 0 -1 5.80964e-5 0 -1 -7.3846e-5 0 -1 4.8568e-5 0 -1 8.58811e-6 0 -1 -9.48058e-5 0 -1 1.81221e-5 0 -1 1.7014e-5 0 -1 4.4856e-5 0 -1 2.68261e-4 3.74883e-5 -1 2.68271e-4 3.75208e-5 -1 2.68329e-4 3.7057e-5 -1 4.36039e-5 0 -1 -2.71849e-5 0 -1 3.15558e-5 0 -1 1.51532e-5 2.33927e-4 -1 6.04221e-5 -7.82114e-5 -1 1.86455e-5 -1.19637e-4 -1 1.8621e-5 -1.19617e-4 -1 1.86114e-5 -1.19624e-4 -1 2.97123e-4 1.55962e-4 -1 2.97127e-4 1.55954e-4 -1 2.97125e-4 1.55959e-4 -1 1.7686e-4 1.00707e-4 -1 0 -4.0166e-5 -1 5.16297e-5 0 -1 -2.88913e-5 0 -1 1.12519e-4 1.06742e-4 -1 1.39161e-4 1.27677e-4 -1 1.20485e-4 7.67038e-5 -1 -2.70142e-5 0 -1 -8.38244e-5 0 -1 -1.88265e-5 0 -1 2.46151e-5 0 -1 4.00619e-5 6.30858e-5 -1 2.37486e-4 1.78048e-5 -1 1.17186e-5 0 -1 3.51068e-5 8.42443e-6 -1 3.12714e-5 2.1104e-5 -1 -2.07991e-5 1.9334e-5 -1 -2.08e-5 1.92948e-5 -1 -2.07854e-5 1.93094e-5 -1 1.0697e-4 0 -1 9.56832e-5 0 -1 9.56514e-5 0 -1 9.56386e-5 0 -1 -2.6276e-6 0 -1 1.019e-4 0 -1 8.79749e-5 0 -1 3.90834e-5 0 -1 3.66224e-4 3.40381e-5 -1 3.66218e-4 3.3997e-5 -1 3.66173e-4 3.39617e-5 -1 2.52763e-5 0 -1 7.3003e-5 0 -1 4.04073e-5 0 -1 9.25618e-6 0 -1 9.35583e-6 0 -1 9.30095e-6 0 -1 -6.99274e-5 0 -1 8.77388e-5 0 -1 8.0712e-5 0 -1 -2.28454e-5 0 -1 -9.1665e-5 0 -1 -3.3913e-5 -5.58302e-5 -1 -3.393e-5 -5.58296e-5 -1 -3.3948e-5 -5.58285e-5 -1 3.13149e-5 5.44603e-4 -1 3.1259e-5 5.44607e-4 -1 3.14492e-5 5.44601e-4 -1 3.99534e-5 -5.36159e-4 -0.9999999 3.3646e-5 0 -1 0.02474391 -0.9996939 0 5.1998e-5 0 -1 4.10221e-4 2.48047e-4 -0.9999999 4.10244e-4 2.48009e-4 -0.9999999 4.1024e-4 2.48015e-4 -0.9999999 4.79211e-4 1.2854e-5 -0.9999999 4.79211e-4 1.28481e-5 -0.9999999 4.7921e-4 1.29031e-5 -0.9999999 -4.43329e-5 0 -1 9.55595e-5 0 -1 1.71866e-5 0 -1 7.77919e-5 0 -1 2.83526e-4 -1.01119e-5 -1 2.8351e-4 -1.01007e-5 -1 2.83511e-4 -1.00965e-5 -1 -5.2263e-5 0 -1 2.15082e-5 0 -1 -2.09388e-4 0 -1 1.9714e-5 0 -1 -1.68662e-4 0 -1 -4.56605e-5 0 -1 1.89871e-4 0 -1 5.12947e-5 1.11307e-5 -1 6.69005e-5 5.72425e-5 -1 7.47746e-5 4.59682e-5 -1 7.01639e-5 0 -1 1.24734e-5 0 -1 -8.19204e-5 0 -1 -0.9922772 -0.1240405 0 -0.01836252 0.9998314 0 -0.6993384 -0.7147907 0 -0.8099408 0.5865116 0 -0.916154 0.4008265 0 -0.7233559 0.6904755 0 -0.9899507 -0.1414135 0 0.229034 0.9734185 0 0.9883399 0.1522641 0 -0.1682953 0.9857367 0 0.9778106 -0.2094911 0 0.4193099 -0.9078432 0 0.9997422 0.02271121 0 -0.01695001 0.9998564 0 0.9960459 0.08884137 0 0.1682919 0.9857372 0 0.664191 0.747563 0 0.937742 0.3473327 0 -0.06802207 0.9976838 0 0.7041114 -0.7100896 0 -0.9950386 -0.09948915 0 -0.6689646 -0.7432944 0 0.2899891 0.9570301 0 -0.9994601 -0.03285771 0 -0.9981442 -0.06089669 0 0.8169716 -0.576678 0 0.9950833 0.09904181 0 0.5932016 0.805054 0 -0.998065 0.06218034 0 1 1.41724e-7 0 0.07479703 0.9971988 0 0.7575652 -0.6527596 0 -0.3417536 -0.9397897 0 0.9847846 0.1737803 0 0.5615176 -0.8274649 0 0.0294038 0.9995676 0 0.01233887 0.9999239 0 -0.3511155 -0.9363322 0 -0.9938845 -0.1104246 0 0.727177 -0.68645 0 -0.99859 0.05308574 0 -0.4355555 -0.900162 0 -0.0210492 -0.9997785 0 0.00970453 -0.9999529 0 -0.05255711 0.998618 0 0.9998438 -0.01767641 0 -0.9978847 -0.0650103 0 0.9999245 0.01229178 0 0.999938 0.01114231 0 0.07959359 -0.9968274 0 0.9320118 0.3624281 0 -0.03918749 -0.9992319 0 -0.9603466 0.2788091 0 0.9999682 0.007980048 0 -0.00242722 0.9999971 0 -0.9992604 -0.03845608 0 0.07192969 0.9974097 0 -0.9958934 0.09053343 0 0.9999998 6.88599e-4 0 -0.999739 -0.02284741 0 -0.9998258 -0.01866906 0 0.08305567 -0.996545 0 -0.01136153 -0.9999355 0 0.02572345 -0.9996691 0 -0.8713492 -0.4906637 0 0.9792568 -0.2026232 0 0.9995962 0.02841794 0 0.07124978 -0.9974586 0 0.3285501 -0.9444866 0 -0.4190445 0.9079657 0 -3.61774e-5 -1 0 -0.8192412 -0.5734493 0 0.9999815 0.00609821 0 0.05255484 0.9986181 0 -0.9583615 -0.2855579 0 -0.05787515 -0.9983239 0 -0.7931526 -0.609023 0 0.0146684 -0.9998925 0 0.9937317 0.111791 0 0.7384843 -0.6742707 0 0.9397661 -0.3418183 0 0.0905404 -0.9958928 0 -0.03294515 0.9994572 0 -0.9119204 -0.4103673 0 0.02856612 -0.999592 0 -0.9950366 0.09951019 0 -0.02865767 0.9995893 0 -0.8637826 0.5038648 0 -0.9864059 -0.1643276 0 -0.09053868 -0.995893 0 -0.02796268 0.999609 0 -0.7752422 -0.6316643 0 0.9417561 0.3362967 0 0.8944262 0.4472156 0 -0.9905495 -0.1371558 0 0.9945007 -0.1047302 0 -0.009254574 0.9999573 0 -0.07789069 0.9969619 0 -0.00359565 -0.9999936 0 0.9965454 -0.08305025 0 0.9984018 0.05651497 0 -0.008698761 -0.9999622 0 0.529995 -0.8480008 0 -0.01538324 -0.9998818 0 0.6877461 0.7259514 0 -0.2600035 -0.9656077 0 -0.6647048 0.7471062 0 0.0407831 0.999168 0 -0.9701379 -0.2425539 0 0.7109648 0.7032276 0 0.993686 0.1121975 0 0.1757869 -0.9844283 0 -0.7071076 -0.707106 0 -0.0125994 0.9999207 0 -0.1074011 0.9942159 0 -0.9993936 0.03482025 0 0.9838844 0.1788057 0 0.8613845 0.5079535 0 0.03324544 0.9994472 0 0.89709 0.4418482 0 -0.8828656 -0.469626 0 0.1158764 -0.9932637 0 0.9144524 0.4046934 0 -0.4218058 0.9066863 0 0.958388 -0.2854691 0 0.6156377 0.7880295 0 -0.8788602 -0.4770796 0 0.0604906 -0.9981688 0 0.1255806 0.9920835 0 -0.9969776 0.07768958 0 0.4489458 -0.893559 0 -0.9997382 -0.02288573 0 0.6817252 -0.7316084 0 -0.0183649 0.9998314 0 -0.102399 0.9947434 0 -0.7488348 -0.6627568 0 0.9999606 -0.008879661 0 -0.9901912 -0.1397194 0 -0.9642035 -0.2651636 0 0.8376067 -0.5462738 0 -0.1439434 -0.989586 0 -0.6476456 -0.7619419 0 -0.9998995 0.01418077 0 0.9984257 0.0560919 0 0.9684923 0.249044 0 -6.02761e-5 1 0 -0.1135396 -0.9935336 0 0.0676378 0.9977099 0 -0.9992443 0.0388692 0 -0.9993155 -0.03699523 0 -0.9847813 -0.1737982 0 0.9998565 -0.0169447 0 -0.003615677 -0.9999936 0 -0.1168351 -0.9931514 0 -0.02283024 -0.9997394 0 -0.09552085 -0.9954275 0 0.1007283 0.994914 0 0.7893492 -0.6139445 0 -0.6448042 -0.7643478 0 0.03707629 0.9993125 0 0.05634558 0.9984114 0 -0.999082 0.04284179 0 -0.9975748 -0.06960237 0 -0.8235215 0.5672851 0 0.1891432 0.9819495 0 -0.02511483 0.9996846 0 0.1330071 -0.9911152 0 -0.9990542 0.04348468 0 -0.08789569 -0.9961298 0 0.9936571 -0.1124535 0 -0.08611339 -0.9962853 0 -0.9981688 -0.06049162 0 -0.9917771 -0.1279775 0 0.02856045 0.9995921 0 -0.9871159 -0.1600069 0 0.9958931 0.09053677 0 -0.9999919 0.004026472 0 -0.3511448 -0.9363213 0 0.006536245 0.9999787 0 -0.9828717 0.1842917 0 0.9997705 -0.02142947 0 -0.1961108 0.9805818 0 -0.08304959 0.9965455 0 -0.9914559 -0.1304426 0 0.9992024 0.03993141 0 -0.998156 -0.0607019 0 0.05257081 0.9986173 0 0.1495859 -0.9887488 0 -0.003021419 -0.9999955 0 -0.08610421 -0.9962862 0 0.9961322 0.08786737 0 0.713684 -0.7004678 0 0.9999792 0.006457746 0 0.9904045 -0.1381996 0 -0.04757338 0.9988678 0 -0.850613 -0.5257925 0 -0.9996717 0.02562409 0 -0.9994802 0.03223955 0 -0.03499543 -0.9993875 0 -0.732133 0.6811618 0 0.04989349 0.9987546 0 -0.7013289 0.7128379 0 -0.7456543 -0.6663331 0 0.9813654 0.1921513 0 0.02591651 0.9996642 0 -0.7739503 0.6332464 0 -0.1215535 0.992585 0 0.1371527 -0.9905499 0 0.02221971 -0.9997532 0 0.03224551 0.99948 0 -0.9996143 0.0277732 0 -0.9850306 0.1723799 0 -0.9943113 -0.1065135 0 -0.9994438 -0.03334969 0 0.09055954 0.995891 0 0.06508153 -0.99788 0 0.9926477 0.1210399 0 0.7124552 -0.7017176 0 0.9950823 0.09905153 0 -0.9999919 0.004022955 0 0.1923788 -0.9813208 0 -0.7523556 -0.6587574 0 -0.143649 -0.9896288 0 -0.4971137 -0.8676856 0 -0.1078689 0.9941652 0 0.710991 0.7032011 0 -0.6811017 -0.7321888 0 -0.9986879 0.05121088 0 -0.03892123 0.9992424 0 -0.02612972 -0.9996587 0 -0.9072352 -0.4206239 0 0.9872359 0.1592648 0 0.999924 0.01233345 0 -0.9993138 -0.03704041 0 0.9997706 -0.02142268 0 0.0249806 0.999688 0 -0.999242 0.03893148 0 -0.9989469 0.04588329 0 0.02513772 0.999684 0 0.05698466 -0.9983751 0 0.9999998 6.88446e-4 0 -0.7893898 0.6138924 0 0.07507878 0.9971777 0 -0.02563393 0.9996714 0 -0.05878579 0.9982706 0 -0.9789789 0.2039617 0 0.9957551 0.09204298 0 -0.9999812 0.006141126 0 -0.08663296 0.9962403 0 -0.09271091 0.9956932 0 -0.5812319 -0.8137381 0 0.9943089 0.1065357 0 -0.9933776 -0.1148953 0 0.9889386 -0.1483256 0 -0.747393 0.6643823 0 -0.1487069 0.9888814 0 -0.995575 -0.09397107 0 -0.02865624 0.9995893 0 -0.9919971 0.126261 0 0.07328361 -0.9973112 0 0.06047898 -0.9981695 0 -0.8551976 -0.5183024 0 -0.9921399 -0.1251342 0 0.9797162 -0.2003904 0 0.1495869 -0.9887486 0 0.9999383 0.01110684 0 0.9987528 -0.04992944 0 -0.04756885 0.9988681 0 0.1152363 -0.9933382 0 0.9996446 -0.02665835 0 -0.1642355 0.9864212 0 0.2039491 0.9789815 0 0.9923726 0.1232756 0 0.9981998 -0.05997753 0 -0.08148872 0.9966742 0 0.4021624 0.9155683 0 0.9985786 0.0532996 0 -0.4783541 -0.8781671 0 0.07732975 -0.9970056 0 -0.9997504 0.02233994 0 0.7256264 -0.688089 0 0.1025498 -0.994728 0 0.6736737 0.7390289 0 0.627328 -0.7787553 0 -0.8691729 -0.4945085 0 0.7071069 0.7071068 0 -0.9985161 0.05445837 0 -0.1124952 -0.9936524 0 0.983383 -0.1815432 0 -0.0665158 -0.9977854 0 -0.6689603 -0.7432982 0 -0.9035004 -0.4285873 0 -0.906724 0.4217247 0 -0.9992618 -0.0384193 0 -0.03294968 0.9994571 0 0.01064336 -0.9999434 0 -1.44918e-5 -1.86893e-5 1 -1.73176e-5 -1.83524e-5 1 -1.74844e-5 -1.74853e-5 1 -1.4417e-5 -1.9478e-5 1 -1.44657e-5 -1.94867e-5 1 -1.44654e-5 -1.94868e-5 1 -1.4466e-5 -1.94863e-5 1 -1.69999e-5 -1.73052e-5 1 -1.44933e-5 -1.94905e-5 1 -1.44651e-5 -1.9487e-5 1 -1.44655e-5 -1.94872e-5 1 -1.59168e-5 -1.97508e-5 1 -1.60144e-5 -1.73117e-5 1 -1.74848e-5 -1.74845e-5 1 -1.73437e-5 -1.75836e-5 1 -1.74851e-5 -1.74843e-5 1 -1.66622e-5 -1.76339e-5 1 5.84719e-5 -2.18722e-4 -1 5.8439e-5 -2.18722e-4 -1 5.84723e-5 -2.18721e-4 -1 3.05232e-5 0 -1 -1.9926e-4 -1.51403e-4 -1 -1.99286e-4 -1.51384e-4 -1 -1.99293e-4 -1.51364e-4 -1 -1.60593e-4 -5.42598e-5 -1 -1.60591e-4 -5.42748e-5 -1 -1.60579e-4 -5.42517e-5 -1 4.57216e-5 0 -1 1.0277e-4 0 -1 2.10164e-4 1.80494e-4 -1 -2.326e-4 -2.06154e-5 -1 -2.32615e-4 -2.05844e-5 -1 -2.3262e-4 -2.05603e-5 -1 0 1.85572e-4 -1 -1.42523e-5 -1.86475e-5 1 0.9996895 0.02492123 0 -0.9851054 -0.1719517 0 3.20356e-5 2.01969e-5 -1 1.74845e-5 1.74845e-5 -1 1.86415e-5 1.81127e-5 -1 1.91708e-5 8.59928e-6 -1 1.74845e-5 1.74845e-5 -1 1.74845e-5 1.74845e-5 -1 -5.93085e-6 3.36104e-5 -1 1.74845e-5 1.74845e-5 -1 1.7146e-5 1.79848e-5 -1 3.17926e-5 2.20795e-5 -1 1.74847e-5 1.74848e-5 -1 1.74857e-5 1.74857e-5 -1 1.74858e-5 1.74845e-5 -1 1.74845e-5 1.74846e-5 -1 1.74846e-5 1.74845e-5 -1 1.74855e-5 1.74838e-5 -1 1.74845e-5 1.74846e-5 -1 1.74845e-5 1.74854e-5 -1 1.74866e-5 1.74829e-5 -1 1.74851e-5 1.74837e-5 -1 1.74832e-5 1.7488e-5 -1 1.74845e-5 1.74852e-5 -1 1.74845e-5 1.74844e-5 -1 1.91706e-5 8.59905e-6 -1 3.61132e-5 -5.55953e-6 -1 1.78022e-5 2.57149e-5 -1 1.74847e-5 1.74859e-5 -1 1.74846e-5 1.74842e-5 -1 1.74828e-5 1.74838e-5 -1 1.74856e-5 1.74859e-5 -1 1.74853e-5 1.74842e-5 -1 1.74843e-5 1.74847e-5 -1 1.75011e-5 1.75095e-5 -1 1.76288e-5 1.75911e-5 -1 1.74866e-5 1.74838e-5 -1 1.74223e-5 2.05952e-5 -1 1.4465e-5 1.94862e-5 -1 1.74846e-5 1.74844e-5 -1 1.74847e-5 1.74846e-5 -1 1.73624e-5 1.78197e-5 -1 1.73626e-5 1.78191e-5 -1 1.73624e-5 1.78185e-5 -1 1.78301e-5 1.81002e-5 -1 1.74845e-5 1.7485e-5 -1 1.68225e-5 2.18605e-5 -1 1.74842e-5 1.74843e-5 -1 1.74846e-5 1.74848e-5 -1 1.74849e-5 1.74854e-5 -1 1.74843e-5 1.74842e-5 -1 1.74837e-5 1.74851e-5 -1 1.7484e-5 1.74856e-5 -1 1.74846e-5 1.74846e-5 -1 -1.74846e-5 -1.7485e-5 1 -1.74846e-5 -1.74845e-5 1 -1.74854e-5 -1.74854e-5 1 -1.74866e-5 -1.74829e-5 1 -1.74845e-5 -1.7485e-5 1 -1.74847e-5 -1.7486e-5 1 -1.74847e-5 -1.7481e-5 1 -1.74844e-5 -1.74847e-5 1 -1.74845e-5 -1.7486e-5 1 -1.74843e-5 -1.74847e-5 1 -1.75011e-5 -1.75095e-5 1 -1.74843e-5 -1.74842e-5 1 -1.74837e-5 -1.74851e-5 1 -1.7484e-5 -1.74856e-5 1 -1.74846e-5 -1.74846e-5 1 1.74844e-5 1.74846e-5 -1 1.74845e-5 1.74847e-5 -1 1.74845e-5 1.74846e-5 -1 1.74846e-5 1.74847e-5 -1 1.74845e-5 1.74847e-5 -1 1.74849e-5 1.74845e-5 -1 1.74844e-5 1.74844e-5 -1 1.74843e-5 1.74843e-5 -1 1.74845e-5 1.74848e-5 -1 1.74848e-5 1.74846e-5 -1 1.74847e-5 1.74846e-5 -1 1.74845e-5 1.74842e-5 -1 1.74842e-5 1.74848e-5 -1 1.74841e-5 1.74814e-5 -1 1.74847e-5 1.74844e-5 -1 1.74851e-5 1.74849e-5 -1 1.74847e-5 1.74843e-5 -1 1.74846e-5 1.74847e-5 -1 1.74847e-5 1.74846e-5 -1 1.74846e-5 1.74846e-5 -1 1.74846e-5 1.74846e-5 -1 1.86867e-5 1.80769e-5 -1 2.03973e-5 1.46723e-5 -1 1.75018e-5 1.66334e-5 -1 1.88246e-5 1.58678e-5 -1 2.7072e-5 1.28752e-5 -1 1.91703e-5 8.59906e-6 -1 1.80263e-5 1.61101e-5 -1 1.78266e-5 1.76704e-5 -1 1.91711e-5 8.59898e-6 -1 1.39244e-5 1.34838e-5 -1 8.54045e-5 -3.54073e-6 -1 1.75569e-5 1.60398e-5 -1 2.0084e-5 7.8894e-6 -1 1.9169e-5 8.60153e-6 -1 1.3316e-5 1.14264e-5 -1 2.00538e-5 7.71676e-6 -1 1.63538e-5 2.31554e-5 -1 1.98101e-5 9.07643e-6 -1 1.81513e-5 9.34298e-6 -1 1.9167e-5 8.60283e-6 -1 1.74845e-5 1.74845e-5 -1 1.75416e-5 1.78769e-5 -1 1.77767e-5 1.7914e-5 -1 1.77726e-5 1.78561e-5 -1 1.73645e-5 1.79096e-5 -1 1.73622e-5 1.78191e-5 -1 1.74846e-5 1.74845e-5 -1 1.74845e-5 1.74845e-5 -1 1.74845e-5 1.74845e-5 -1 1.5095e-5 1.39716e-5 -1 1.42068e-5 1.73628e-5 -1 1.74848e-5 1.74846e-5 -1 1.74846e-5 1.74851e-5 -1 1.74844e-5 1.74848e-5 -1 1.74845e-5 2.27513e-5 -1 1.74842e-5 1.74847e-5 -1 1.7485e-5 1.74845e-5 -1 1.74847e-5 1.74844e-5 -1 1.74849e-5 1.74845e-5 -1 1.44389e-5 1.51334e-5 -1 1.74852e-5 1.74847e-5 -1 1.74851e-5 1.74847e-5 -1 1.18809e-5 1.65183e-5 -1 1.62215e-5 2.20325e-5 -1 6.2013e-5 8.15883e-6 -1 -5.97938e-6 3.38853e-5 -1 3.16873e-5 3.32114e-5 -1 1.7485e-5 1.74845e-5 -1 1.74849e-5 1.74847e-5 -1 5.15563e-5 3.58032e-5 -1 5.28245e-5 1.17317e-5 -1 -6.87534e-6 3.43777e-5 -1 1.7485e-5 1.74853e-5 -1 1.74845e-5 1.74844e-5 -1 1.74845e-5 1.74852e-5 -1 1.74845e-5 1.74844e-5 -1 1.74845e-5 1.74845e-5 -1 5.5714e-5 2.65565e-5 -1 1.7485e-5 1.74846e-5 -1 1.74846e-5 1.74847e-5 -1 1.74845e-5 1.74847e-5 -1 1.74844e-5 1.7485e-5 -1 1.74845e-5 1.74847e-5 -1 2.47792e-5 2.96933e-5 -1 1.42426e-5 5.23005e-5 -1 1.74848e-5 1.74846e-5 -1 1.7484e-5 1.74848e-5 -1 1.74847e-5 1.74846e-5 -1 1.74845e-5 1.74848e-5 -1 1.80315e-5 1.70773e-5 -1 2.12291e-5 1.79568e-5 -1 1.71248e-5 2.23801e-5 -1 1.74845e-5 1.74845e-5 -1 2.52654e-5 1.70957e-5 -1 1.92452e-5 5.84671e-6 -1 2.33399e-5 -7.52989e-7 -1 -2.23226e-6 3.53205e-5 -1 5.0518e-5 3.83234e-5 -1 3.95134e-6 3.0403e-5 -1 4.59146e-5 2.96691e-5 -1 7.00291e-6 4.46185e-6 -1 1.74843e-5 1.74845e-5 -1 1.74846e-5 1.74845e-5 -1 -1.63172e-6 3.57315e-5 -1 1.74847e-5 1.74847e-5 -1 1.74858e-5 1.74846e-5 -1 9.32134e-6 2.88883e-5 -1 1.40547e-5 1.40964e-5 -1 1.74845e-5 1.74847e-5 -1 1.74847e-5 1.74845e-5 -1 1.74844e-5 1.74843e-5 -1 1.74847e-5 1.74849e-5 -1 1.74845e-5 1.74854e-5 -1 1.74849e-5 1.74848e-5 -1 1.74847e-5 1.74852e-5 -1 1.74843e-5 1.74851e-5 -1 1.7484e-5 1.74844e-5 -1 1.74855e-5 1.74844e-5 -1 1.74846e-5 1.74856e-5 -1 1.74857e-5 1.74869e-5 -1 1.74846e-5 1.74869e-5 -1 1.74823e-5 1.74848e-5 -1 1.74845e-5 1.74847e-5 -1 1.74847e-5 1.74845e-5 -1 1.83175e-5 1.83785e-5 -1 1.7484e-5 1.74845e-5 -1 4.35863e-5 1.60218e-5 -1 1.74847e-5 1.74842e-5 -1 1.74847e-5 1.74855e-5 -1 1.74846e-5 1.74853e-5 -1 1.64424e-5 6.044e-6 -1 1.88297e-5 1.63313e-5 -1 1.74846e-5 1.74846e-5 -1 1.74849e-5 1.74846e-5 -1 1.74851e-5 1.74848e-5 -1 1.74846e-5 1.7485e-5 -1 1.7485e-5 1.74849e-5 -1 1.74846e-5 1.74849e-5 -1 1.7484e-5 1.74848e-5 -1 1.74846e-5 1.7485e-5 -1 1.74847e-5 1.74839e-5 -1 1.74845e-5 1.74845e-5 -1 1.74845e-5 1.74847e-5 -1 1.74846e-5 1.74846e-5 -1 1.61542e-5 1.83612e-5 -1 3.40077e-5 1.31202e-4 -1 2.91353e-5 1.16596e-6 -1 2.8994e-5 1.83721e-6 -1 8.41165e-5 1.04716e-4 -1 1.74843e-5 1.74854e-5 -1 1.74847e-5 1.74842e-5 -1 1.74845e-5 1.74847e-5 -1 1.7484e-5 1.74849e-5 -1 1.74844e-5 1.74847e-5 -1 1.74847e-5 1.74845e-5 -1 1.74845e-5 1.74846e-5 -1 1.74845e-5 1.74846e-5 -1 1.74846e-5 1.74846e-5 -1 1.74846e-5 1.74846e-5 -1 1.74844e-5 1.74845e-5 -1 1.39209e-5 1.62122e-5 -1 2.17905e-5 1.44385e-5 -1 1.74845e-5 1.74846e-5 -1 1.7485e-5 1.7484e-5 -1 3.73674e-5 -3.95471e-6 -1 1.74853e-5 1.74837e-5 -1 1.74846e-5 1.74845e-5 -1 1.74893e-5 1.74813e-5 -1 1.74846e-5 1.74846e-5 -1 1.7484e-5 1.74811e-5 -1 1.74898e-5 1.74903e-5 -1 1.74856e-5 1.74857e-5 -1 1.74854e-5 1.74854e-5 -1 1.74843e-5 1.74846e-5 -1 1.74856e-5 1.74846e-5 -1 1.74788e-5 1.7481e-5 -1 1.74837e-5 1.74851e-5 -1 1.74816e-5 1.74849e-5 -1 1.74832e-5 1.74834e-5 -1 1.74847e-5 1.74844e-5 -1 1.74852e-5 1.74844e-5 -1 1.74834e-5 1.74847e-5 -1 1.74844e-5 1.74847e-5 -1 1.74842e-5 1.74844e-5 -1 1.74849e-5 1.74851e-5 -1 1.74845e-5 1.74842e-5 -1 1.74849e-5 1.74845e-5 -1 1.74845e-5 1.74853e-5 -1 1.1331e-5 1.80441e-5 -1 1.74846e-5 1.74846e-5 -1 -7.95626e-6 3.88305e-5 -1 1.74845e-5 1.74846e-5 -1 1.74892e-5 1.74804e-5 -1 1.74838e-5 1.74851e-5 -1 1.74842e-5 1.74846e-5 -1 1.74844e-5 1.74786e-5 -1 1.74825e-5 1.74867e-5 -1 1.74836e-5 1.74839e-5 -1 1.74841e-5 1.74843e-5 -1 1.74849e-5 1.74843e-5 -1 1.7485e-5 1.74799e-5 -1 1.74795e-5 1.74856e-5 -1 1.74835e-5 1.74848e-5 -1 1.749e-5 1.74836e-5 -1 1.74878e-5 1.74869e-5 -1 1.74844e-5 1.74844e-5 -1 1.74842e-5 1.74846e-5 -1 1.74845e-5 1.74851e-5 -1 1.74845e-5 1.74844e-5 -1 1.26492e-5 1.36713e-5 -1 1.88416e-5 2.13776e-5 -1 1.43652e-5 9.60236e-6 -1 1.88697e-5 1.20214e-5 -1 7.05672e-5 2.96199e-6 -1 1.14589e-5 2.3777e-5 -1 1.74836e-5 1.74839e-5 -1 1.6799e-5 1.99132e-5 -1 1.60463e-5 2.05292e-5 -1 1.14592e-5 2.37755e-5 -1 1.14591e-5 2.37749e-5 -1 1.95151e-5 1.01696e-5 -1 1.91709e-5 8.59949e-6 -1 6.21812e-6 2.2634e-5 -1 1.73416e-6 2.50162e-5 -1 1.74814e-5 1.74839e-5 -1 1.94982e-5 1.01723e-5 -1 1.45551e-5 1.96771e-5 -1 1.91708e-5 8.59904e-6 -1 1.74854e-5 1.7483e-5 -1 1.74852e-5 1.74827e-5 -1 1.74808e-5 1.74798e-5 -1 1.74843e-5 1.74848e-5 -1 1.74838e-5 1.7483e-5 -1 1.74847e-5 1.74843e-5 -1 1.74846e-5 1.74849e-5 -1 1.7485e-5 1.74853e-5 -1 1.74882e-5 1.74814e-5 -1 1.74856e-5 1.74839e-5 -1 1.74851e-5 1.74843e-5 -1 1.74844e-5 1.74843e-5 -1 1.74846e-5 1.74844e-5 -1 1.74848e-5 1.74843e-5 -1 1.74846e-5 1.7485e-5 -1 1.74852e-5 1.74827e-5 -1 1.74857e-5 1.74857e-5 -1 1.74865e-5 1.7486e-5 -1 1.74846e-5 1.74848e-5 -1 1.74843e-5 1.74842e-5 -1 7.60294e-5 -6.62083e-6 -1 3.63519e-5 2.88047e-5 -1 1.74838e-5 1.74842e-5 -1 1.74843e-5 1.74835e-5 -1 1.74835e-5 1.74836e-5 -1 4.34086e-5 1.08524e-5 -1 1.74829e-5 1.74824e-5 -1 1.74844e-5 1.74843e-5 -1 1.74857e-5 1.74867e-5 -1 1.74836e-5 1.7482e-5 -1 1.74847e-5 1.74865e-5 -1 1.74846e-5 1.7484e-5 -1 1.74859e-5 1.7475e-5 -1 1.74868e-5 1.74854e-5 -1 1.74849e-5 1.74838e-5 -1 1.74796e-5 1.7489e-5 -1 1.74845e-5 1.74848e-5 -1 1.74846e-5 1.74847e-5 -1 1.74844e-5 1.74835e-5 -1 1.74845e-5 1.74845e-5 -1 1.74844e-5 1.74862e-5 -1 1.74848e-5 1.74845e-5 -1 1.74845e-5 1.74849e-5 -1 1.74845e-5 1.74845e-5 -1 1.74846e-5 1.74846e-5 -1 1.74847e-5 1.74842e-5 -1 1.74848e-5 1.7485e-5 -1 1.74843e-5 1.74838e-5 -1 1.74845e-5 1.74844e-5 -1 1.74838e-5 1.74817e-5 -1 1.74846e-5 1.74845e-5 -1 1.7479e-5 1.74858e-5 -1 1.74847e-5 1.74845e-5 -1 1.7482e-5 1.74845e-5 -1 1.74847e-5 1.74845e-5 -1 1.74834e-5 1.74845e-5 -1 1.74816e-5 1.74842e-5 -1 1.74845e-5 1.7485e-5 -1 1.74844e-5 1.74849e-5 -1 1.74845e-5 1.74844e-5 -1 4.93592e-5 3.70199e-5 -1 4.09925e-5 3.25966e-5 -1 1.74849e-5 1.74851e-5 -1 1.74854e-5 1.74838e-5 -1 1.74838e-5 1.74852e-5 -1 1.74846e-5 1.74845e-5 -1 1.74847e-5 1.74842e-5 -1 1.74805e-5 1.74804e-5 -1 1.74847e-5 1.74853e-5 -1 1.74838e-5 1.74852e-5 -1 1.74857e-5 1.74867e-5 -1 1.74796e-5 1.74856e-5 -1 1.74856e-5 1.74845e-5 -1 1.74859e-5 1.7486e-5 -1 1.74859e-5 1.74846e-5 -1 1.7482e-5 1.7486e-5 -1 1.74844e-5 1.74848e-5 -1 1.74852e-5 1.74876e-5 -1 1.74837e-5 1.74849e-5 -1 1.74829e-5 1.74846e-5 -1 1.74846e-5 1.74842e-5 -1 1.7485e-5 1.74841e-5 -1 1.74848e-5 1.74849e-5 -1 1.74845e-5 1.74847e-5 -1 1.7485e-5 1.74848e-5 -1 1.74849e-5 1.74849e-5 -1 1.74845e-5 1.74847e-5 -1 1.74846e-5 1.74842e-5 -1 1.74846e-5 1.74847e-5 -1 1.74845e-5 1.74845e-5 -1 1.74845e-5 1.74846e-5 -1 1.74852e-5 1.74849e-5 -1 1.74849e-5 1.74843e-5 -1 1.74845e-5 1.74846e-5 -1 1.72116e-5 1.72208e-5 -1 1.74845e-5 1.74846e-5 -1 1.74851e-5 1.74855e-5 -1 1.74842e-5 1.74847e-5 -1 1.74847e-5 1.74856e-5 -1 1.74848e-5 1.74864e-5 -1 1.74843e-5 1.74844e-5 -1 1.74841e-5 1.74846e-5 -1 1.80277e-5 1.71849e-5 -1 3.62657e-5 1.62253e-5 -1 1.74845e-5 1.74845e-5 -1 1.74848e-5 1.74846e-5 -1 1.62848e-5 7.28585e-6 -1 1.49102e-5 5.80256e-5 -1 1.22565e-5 1.82692e-5 -1 1.29422e-5 1.6035e-5 -1 1.74846e-5 1.74847e-5 -1 1.74879e-5 1.74849e-5 -1 1.74845e-5 1.74841e-5 -1 1.74844e-5 1.74846e-5 -1 1.74846e-5 1.74846e-5 -1 1.74839e-5 1.74849e-5 -1 1.74844e-5 1.74845e-5 -1 1.74845e-5 1.74845e-5 -1 1.74846e-5 1.74846e-5 -1 1.6097e-5 2.04786e-5 -1 1.60533e-5 2.03405e-5 -1 1.74845e-5 1.74846e-5 -1 1.74844e-5 1.74845e-5 -1 1.74845e-5 1.74839e-5 -1 1.72016e-5 2.08754e-5 -1 1.74845e-5 1.74847e-5 -1 1.74847e-5 1.74846e-5 -1 1.74846e-5 1.74845e-5 -1 1.74843e-5 1.74844e-5 -1 1.64565e-5 3.70197e-5 -1 1.68322e-5 3.96111e-5 -1 1.74845e-5 1.74842e-5 -1 1.74846e-5 1.74848e-5 -1 1.74846e-5 1.74843e-5 -1 1.74846e-5 1.74844e-5 -1 1.74845e-5 1.74844e-5 -1 1.74845e-5 1.74846e-5 -1 1.74846e-5 1.74846e-5 -1 1.74846e-5 1.74845e-5 -1 1.74844e-5 1.74846e-5 -1 1.68031e-5 1.78388e-5 -1 1.74845e-5 1.74844e-5 -1 1.74846e-5 1.74845e-5 -1 1.77787e-5 1.79553e-5 -1 1.74849e-5 1.74839e-5 -1 1.83236e-5 3.51024e-5 -1 1.74852e-5 1.74846e-5 -1 2.20799e-5 1.72523e-5 -1 1.74853e-5 1.74846e-5 -1 1.74841e-5 1.74843e-5 -1 1.74852e-5 1.74849e-5 -1 1.13022e-5 1.63259e-5 -1 2.49241e-5 1.74547e-5 -1 1.74857e-5 1.74845e-5 -1 1.80254e-5 1.68369e-5 -1 1.7485e-5 1.7486e-5 -1 1.74844e-5 1.7485e-5 -1 1.74846e-5 1.74847e-5 -1 1.74846e-5 1.74847e-5 -1 1.7487e-5 1.74814e-5 -1 1.74848e-5 1.74867e-5 -1 1.74849e-5 1.74834e-5 -1 1.74844e-5 1.74838e-5 -1 1.74844e-5 1.7484e-5 -1 1.74852e-5 1.74851e-5 -1 1.74846e-5 1.74844e-5 -1 1.74846e-5 1.74844e-5 -1 1.74826e-5 1.74872e-5 -1 1.74847e-5 1.7481e-5 -1 1.74813e-5 1.74854e-5 -1 1.74846e-5 1.74861e-5 -1 1.74845e-5 1.74851e-5 -1 1.74849e-5 1.7484e-5 -1 1.74844e-5 1.74847e-5 -1 1.74845e-5 1.7486e-5 -1 1.74996e-5 1.67354e-5 -1 1.72083e-5 1.54253e-5 -1 1.74851e-5 1.74852e-5 -1 1.74318e-5 1.7291e-5 -1 1.74868e-5 1.73923e-5 -1 1.74845e-5 1.74847e-5 -1 1.78341e-5 1.76959e-5 -1 1.61831e-5 1.65652e-5 -1 1.79213e-5 1.8277e-5 -1 1.72088e-5 1.54256e-5 -1 1.79689e-5 1.83161e-5 -1 1.79309e-5 1.80515e-5 -1 1.76702e-5 1.69466e-5 -1 1.79463e-5 1.86687e-5 -1 1.79214e-5 1.49121e-5 -1 1.74993e-5 1.74643e-5 -1 1.78168e-5 1.60398e-5 -1 1.76834e-5 1.78629e-5 -1 1.75012e-5 1.66584e-5 -1 1.74955e-5 1.65661e-5 -1 1.79253e-5 1.82768e-5 -1 1.79686e-5 1.83162e-5 -1 1.76918e-5 1.62501e-5 -1 1.81831e-5 1.80051e-5 -1 1.74993e-5 1.75014e-5 -1 1.67015e-5 1.73972e-5 -1 1.79328e-5 1.74095e-5 -1 1.74883e-5 1.72916e-5 -1 1.74678e-5 1.77708e-5 -1 3.21356e-5 2.82949e-5 -1 1.83448e-5 1.94494e-5 -1 1.44798e-5 1.81235e-5 -1 1.46583e-5 1.9485e-5 -1 1.74846e-5 1.74846e-5 -1 1.75065e-5 1.63954e-5 -1 1.74219e-5 2.05947e-5 -1 1.74218e-5 2.0595e-5 -1 1.9144e-5 1.12406e-5 -1 1.73726e-5 1.53571e-5 -1 1.74222e-5 2.05952e-5 -1 1.91708e-5 1.15885e-5 -1 2.04926e-5 1.17658e-5 -1 1.9307e-5 2.02041e-5 -1 1.62266e-5 1.14992e-5 -1 1.44654e-5 1.94868e-5 -1 1.64549e-5 9.7963e-6 -1 2.994e-5 1.33301e-5 -1 1.44662e-5 1.94864e-5 -1 1.44928e-5 1.94877e-5 -1 1.74843e-5 1.74849e-5 -1 1.74847e-5 1.74844e-5 -1 1.54655e-5 1.36317e-5 -1 1.80755e-5 1.37301e-5 -1 1.74848e-5 1.74849e-5 -1 1.74849e-5 1.74839e-5 -1 1.74844e-5 1.74845e-5 -1 1.44743e-5 1.94724e-5 -1 1.75106e-5 1.8134e-5 -1 1.68727e-5 1.7772e-5 -1 1.74844e-5 1.74846e-5 -1 1.74848e-5 1.74845e-5 -1 1.74844e-5 1.74844e-5 -1 1.9347e-5 1.6416e-5 -1 1.74219e-5 2.05952e-5 -1 1.74223e-5 2.0594e-5 -1 1.7422e-5 2.05936e-5 -1 4.21916e-6 1.13864e-5 -1 1.7421e-5 2.05935e-5 -1 1.74844e-5 1.74853e-5 -1 1.73176e-5 1.83524e-5 -1 5.29796e-6 1.15039e-5 -1 1.91707e-5 8.59991e-6 -1 1.71388e-5 1.02685e-5 -1 1.44654e-5 1.94868e-5 -1 1.44657e-5 1.94868e-5 -1 1.44655e-5 1.94872e-5 -1 1.44655e-5 1.94885e-5 -1 1.44654e-5 1.94868e-5 -1 1.74848e-5 1.74845e-5 -1 1.66622e-5 1.76339e-5 -1 1.74851e-5 1.74843e-5 -1 1.4466e-5 1.94863e-5 -1 1.59168e-5 1.97508e-5 -1 1.73438e-5 1.75837e-5 -1 1.60144e-5 1.73117e-5 -1 1.44651e-5 1.94871e-5 -1 1.44933e-5 1.94905e-5 -1 1.69999e-5 1.73052e-5 -1 2.15326e-5 2.34356e-5 -1 1.34701e-5 3.23279e-5 -1 -3.80676e-5 9.51641e-5 -1 3.50738e-5 1.60184e-5 -1 2.90218e-5 -1.18726e-5 -1 9.21256e-5 -2.74411e-5 -1 2.61912e-5 2.29164e-5 -1 -1.28948e-5 7.22125e-5 -1 1.74846e-5 1.74846e-5 -1 1.74845e-5 1.74842e-5 -1 1.74845e-5 1.74844e-5 -1 1.74845e-5 1.74845e-5 -1 1.74849e-5 1.74847e-5 -1 1.74846e-5 1.74846e-5 -1 1.73629e-5 1.78197e-5 -1 1.73617e-5 1.78183e-5 -1 1.73622e-5 1.78191e-5 -1 1.73621e-5 1.7823e-5 -1 1.73619e-5 1.78195e-5 -1 1.73619e-5 1.78188e-5 -1 1.73626e-5 1.78144e-5 -1 1.77878e-5 1.74966e-5 -1 1.77971e-5 1.76294e-5 -1 1.73622e-5 1.78191e-5 -1 1.81772e-5 1.83141e-5 -1 1.82367e-5 1.82931e-5 -1 1.73621e-5 1.78191e-5 -1 1.73628e-5 1.78197e-5 -1 1.80438e-5 1.84606e-5 -1 1.99762e-5 1.8143e-5 -1 1.83613e-5 1.73728e-5 -1 1.74844e-5 1.74846e-5 -1 1.87109e-5 1.79636e-5 -1 1.75018e-5 1.66332e-5 -1 1.69038e-5 1.71988e-5 -1 1.81414e-5 1.67315e-5 -1 1.74846e-5 1.74846e-5 -1 1.67888e-5 1.78677e-5 -1 1.75019e-5 1.81492e-5 -1 1.49789e-5 1.74073e-5 -1 1.66811e-5 2.52894e-5 -1 1.95837e-5 2.36354e-5 -1 1.74847e-5 1.74841e-5 -1 1.74845e-5 1.74847e-5 -1 1.74836e-5 1.74831e-5 -1 1.74851e-5 1.74844e-5 -1 1.74849e-5 1.74853e-5 -1 1.88183e-5 2.55233e-5 -1 -5.00233e-6 4.90968e-6 -1 1.74844e-5 1.74844e-5 -1 1.74845e-5 1.74845e-5 -1 1.74844e-5 1.74846e-5 -1 1.74844e-5 1.74847e-5 -1 1.88407e-5 3.05002e-5 -1 1.74845e-5 1.74846e-5 -1 2.49752e-5 1.84293e-5 -1 2.54642e-5 2.18068e-5 -1 1.59059e-6 -1.32582e-5 -1 3.14977e-5 3.71912e-5 -1 2.35396e-6 -1.1769e-5 -1 1.74841e-5 1.74846e-5 -1 5.09326e-5 -2.0232e-4 -1 1.65129e-5 3.07082e-5 -1 1.74843e-5 1.74846e-5 -1 1.74843e-5 1.74846e-5 -1 1.74849e-5 1.74848e-5 -1 3.32319e-5 -1.0557e-5 -1 1.74844e-5 1.74849e-5 -1 1.74844e-5 1.74845e-5 -1 1.74847e-5 1.74844e-5 -1 1.74846e-5 1.74846e-5 -1 1.74851e-5 1.74844e-5 -1 1.74846e-5 1.74845e-5 -1 5.64348e-6 1.96716e-5 -1 1.74844e-5 1.74846e-5 -1 1.74848e-5 1.74847e-5 -1 1.16503e-5 7.63583e-6 -1 1.74845e-5 1.74844e-5 -1 1.74845e-5 1.74843e-5 -1 1.74845e-5 1.74841e-5 -1 1.74844e-5 1.74846e-5 -1 1.74843e-5 1.74846e-5 -1 1.74847e-5 1.74844e-5 -1 1.2719e-5 1.36155e-5 -1 1.74845e-5 1.74845e-5 -1 1.74844e-5 1.74817e-5 -1 1.74845e-5 1.74843e-5 -1 9.95413e-6 0 -1 1.74844e-5 1.74846e-5 -1 2.90194e-5 5.73015e-5 -1 -1.74847e-5 -1.74845e-5 1 -1.74845e-5 -1.74847e-5 1 -1.74847e-5 -1.74845e-5 1 -1.74847e-5 -1.74849e-5 1 -1.74844e-5 -1.74843e-5 1 -1.74849e-5 -1.74848e-5 1 -1.74845e-5 -1.74855e-5 1 -1.74843e-5 -1.74851e-5 1 -1.74847e-5 -1.74852e-5 1 -1.7484e-5 -1.74844e-5 1 -1.74855e-5 -1.74844e-5 1 -1.74857e-5 -1.7487e-5 1 -1.74846e-5 -1.74856e-5 1 -1.74846e-5 -1.74868e-5 1 -1.74824e-5 -1.74848e-5 1 -1.74845e-5 -1.74847e-5 1 -1.7484e-5 -1.74843e-5 1 -1.83175e-5 -1.83785e-5 1 -1.74847e-5 -1.74842e-5 1 -1.74847e-5 -1.74854e-5 1 -1.74846e-5 -1.74853e-5 1 -4.35863e-5 -1.60218e-5 1 -1.64424e-5 -6.044e-6 1 -1.74851e-5 -1.74848e-5 1 -1.88297e-5 -1.63313e-5 1 -1.74849e-5 -1.74849e-5 1 -1.74846e-5 -1.74846e-5 1 -1.7484e-5 -1.74848e-5 1 -1.74849e-5 -1.74846e-5 1 -1.74847e-5 -1.74839e-5 1 -1.74846e-5 -1.7485e-5 1 -1.74858e-5 -1.74846e-5 1 -1.74846e-5 -1.74849e-5 1 -1.74846e-5 -1.74845e-5 1 -1.74853e-5 -1.74837e-5 1 -1.74856e-5 -1.74846e-5 1 -1.74832e-5 -1.74832e-5 1 -1.74838e-5 -1.74851e-5 1 -1.74843e-5 -1.74846e-5 1 -1.74856e-5 -1.74857e-5 1 -1.7484e-5 -1.74811e-5 1 -1.74846e-5 -1.74846e-5 1 -1.74817e-5 -1.74848e-5 1 -1.74858e-5 -1.74837e-5 1 -1.74891e-5 -1.74812e-5 1 -1.74788e-5 -1.7481e-5 1 -1.74898e-5 -1.74903e-5 1 -1.74892e-5 -1.74805e-5 1 -1.74844e-5 -1.74787e-5 1 -1.74842e-5 -1.74846e-5 1 -1.74838e-5 -1.74851e-5 1 -1.74853e-5 -1.7483e-5 1 -1.74808e-5 -1.74798e-5 1 -1.74838e-5 -1.7483e-5 1 -1.74843e-5 -1.74848e-5 1 -1.7485e-5 -1.74853e-5 1 -1.74846e-5 -1.74849e-5 1 -1.74847e-5 -1.74843e-5 1 -1.74882e-5 -1.74816e-5 1 -1.74851e-5 -1.74842e-5 1 -1.74856e-5 -1.74839e-5 1 -1.74846e-5 -1.74844e-5 1 -1.74844e-5 -1.74844e-5 1 -1.74846e-5 -1.74849e-5 1 -1.74848e-5 -1.74843e-5 1 -1.74852e-5 -1.74827e-5 1 -1.74852e-5 -1.74829e-5 1 -1.74846e-5 -1.74849e-5 1 -7.60294e-5 6.62119e-6 1 -1.74843e-5 -1.74842e-5 1 -1.74857e-5 -1.74857e-5 1 -1.74865e-5 -1.7486e-5 1 -1.74857e-5 -1.74867e-5 1 -1.74843e-5 -1.74835e-5 1 -1.74838e-5 -1.74842e-5 1 -4.34087e-5 -1.08525e-5 1 -1.74829e-5 -1.74824e-5 1 -1.74844e-5 -1.74843e-5 1 -1.74836e-5 -1.7482e-5 1 -1.74796e-5 -1.7489e-5 1 -1.74846e-5 -1.74849e-5 1 -1.74846e-5 -1.7484e-5 1 -1.74847e-5 -1.74865e-5 1 -1.74849e-5 -1.74838e-5 1 -1.74868e-5 -1.74854e-5 1 -1.74845e-5 -1.74845e-5 1 -1.74844e-5 -1.74835e-5 1 -1.74844e-5 -1.74862e-5 1 -1.74848e-5 -1.74845e-5 1 -1.74845e-5 -1.74845e-5 1 -1.74845e-5 -1.7485e-5 1 -1.74846e-5 -1.74846e-5 1 -1.74847e-5 -1.74843e-5 1 -1.74846e-5 -1.74847e-5 1 -1.74848e-5 -1.7485e-5 1 -1.74859e-5 -1.7475e-5 1 -1.74835e-5 -1.74836e-5 1 -1.74843e-5 -1.74838e-5 1 -1.74846e-5 -1.74844e-5 1 -1.74846e-5 -1.74845e-5 1 -1.74847e-5 -1.74844e-5 1 -1.74846e-5 -1.74845e-5 1 -1.74838e-5 -1.74817e-5 1 -1.74791e-5 -1.74859e-5 1 -1.74846e-5 -1.7485e-5 1 -3.63519e-5 -2.88048e-5 1 -1.7482e-5 -1.74845e-5 1 -4.93592e-5 -3.70199e-5 1 -1.74834e-5 -1.74845e-5 1 -1.74814e-5 -1.74842e-5 1 -4.09926e-5 -3.25966e-5 1 -1.74846e-5 -1.74844e-5 1 -1.74844e-5 -1.7485e-5 1 -1.74849e-5 -1.74858e-5 1 -1.74828e-5 -1.74838e-5 1 -1.74849e-5 -1.7484e-5 1 -1.74845e-5 -1.74851e-5 1 -1.74846e-5 -1.74861e-5 1 -1.74813e-5 -1.74854e-5 1 -1.74856e-5 -1.74859e-5 1 -1.74853e-5 -1.74842e-5 1 -1.74996e-5 -1.67354e-5 1 -1.61831e-5 -1.65652e-5 1 -1.72083e-5 -1.54253e-5 1 -1.74851e-5 -1.74852e-5 1 -1.74868e-5 -1.73923e-5 1 -1.74318e-5 -1.7291e-5 1 -1.78341e-5 -1.7696e-5 1 -1.74845e-5 -1.74847e-5 1 -1.72088e-5 -1.54256e-5 1 -1.79213e-5 -1.8277e-5 1 -1.79309e-5 -1.80515e-5 1 -1.76702e-5 -1.69465e-5 1 -1.79214e-5 -1.49121e-5 1 -1.79462e-5 -1.86687e-5 1 -1.79689e-5 -1.83161e-5 1 -1.78168e-5 -1.60398e-5 1 -1.74993e-5 -1.74643e-5 1 -1.76834e-5 -1.78629e-5 1 -1.74955e-5 -1.65661e-5 1 -1.75012e-5 -1.66584e-5 1 -1.76918e-5 -1.62501e-5 1 -1.67015e-5 -1.73972e-5 1 -1.79328e-5 -1.74095e-5 1 -1.79253e-5 -1.82768e-5 1 -1.79686e-5 -1.83161e-5 1 -1.74993e-5 -1.75014e-5 1 -1.81831e-5 -1.80051e-5 1</float_array>
          <technique_common>
            <accessor source="#indoor_environment-mesh-normals-array" count="1914" stride="3">
              <param name="X" type="float"/>
              <param name="Y" type="float"/>
              <param name="Z" type="float"/>
            </accessor>
          </technique_common>
        </source>
        <source id="indoor_environment-mesh-map-0">
          <float_array id="indoor_environment-mesh-map-0-array" count="12402">0.5372345 0.5130934 0.5328791 0.4897273 0.5316432 0.5129757 0.564621 0.4882055 0.5670223 0.4910306 0.573167 0.4871461 0.4658292 0.4995039 0.4792712 0.4825498 0.4611915 0.4909607 0.4309412 0.420795 0.4364333 0.4000473 0.4281342 0.4009016 0.4686739 0.4124715 0.4665994 0.4128376 0.4570797 0.4245541 0.481733 0.4632423 0.4892997 0.4643407 0.4891619 0.4629563 0.4906427 0.4075894 0.4967222 0.4279224 0.4949682 0.3950557 0.460519 0.5179039 0.4346845 0.494354 0.4316969 0.4947054 0.4063895 0.4288012 0.4538407 0.4715072 0.410959 0.4280982 0.5642699 0.4615832 0.5621163 0.4638645 0.5877161 0.463957 0.6139081 0.4509886 0.6087581 0.4610433 0.6178319 0.4541767 0.6022512 0.4616119 0.6000502 0.4641662 0.6018728 0.4643238 0.4938552 0.4630742 0.4892997 0.4643407 0.4960444 0.464517 0.4920015 0.4985054 0.4902217 0.4985903 0.4894589 0.5029975 0.5724794 0.5214689 0.5465448 0.5212997 0.545528 0.5221472 0.5251421 0.4898833 0.522157 0.491258 0.5251588 0.4913758 0.4963201 0.5034562 0.4962521 0.4922842 0.4949089 0.4904928 0.5352821 0.4803695 0.5371066 0.4807226 0.5376363 0.4794278 0.6059918 0.5097465 0.5955389 0.5153258 0.6006237 0.520058 0.6160187 0.5216054 0.615684 0.5069915 0.6081815 0.5065683 0.4355983 0.4365742 0.4377877 0.4344554 0.4353158 0.4343847 0.4318551 0.4361504 0.4334795 0.4350204 0.4320669 0.4350203 0.4302306 0.3844507 0.4389177 0.3847332 0.4303011 0.382261 0.5666466 0.4973393 0.5700605 0.499164 0.5696485 0.4966918 0.5725275 0.5095239 0.5676472 0.5081099 0.5675293 0.5104053 0.5372345 0.5130934 0.5328791 0.4897273 0.5376465 0.4897862 0.5670223 0.4910306 0.5642678 0.4917369 0.564621 0.4882055 0.4792712 0.4825498 0.4658292 0.4995039 0.4611915 0.4909607 0.4364333 0.4000473 0.4309412 0.420795 0.4281342 0.4009016 0.4686739 0.4124715 0.4570797 0.4245541 0.4665994 0.4128376 0.4647686 0.451648 0.4585443 0.438223 0.4885054 0.4563605 0.4497985 0.3987488 0.4949682 0.3950557 0.48979 0.3985566 0.460519 0.5179039 0.4642097 0.5265154 0.4316969 0.4947054 0.410959 0.4280982 0.4538407 0.4715072 0.4063895 0.4288012 0.5301295 0.4629051 0.5306379 0.456379 0.5318188 0.4583438 0.5925971 0.4295411 0.5642699 0.4615832 0.559523 0.4292971 0.5972812 0.4334296 0.5957605 0.4592286 0.595404 0.4584659 0.5642699 0.4615832 0.5877161 0.463957 0.5621163 0.4638645 0.6026042 0.4590768 0.6107672 0.4483911 0.6128624 0.449297 0.6178319 0.4541767 0.6087581 0.4610433 0.6139081 0.4509886 0.6022512 0.4616119 0.6018728 0.4643238 0.6000502 0.4641662 0.4892997 0.4643407 0.4891619 0.4629563 0.4938552 0.4630742 0.4920015 0.4985054 0.4918319 0.5048621 0.4894589 0.5029975 0.575516 0.5303029 0.5728798 0.5267881 0.5843033 0.5267881 0.5735815 0.5222321 0.545528 0.5221472 0.5724794 0.5214689 0.5552201 0.5328438 0.552815 0.5338172 0.5414596 0.5324872 0.5350183 0.5479124 0.5384933 0.5452002 0.5388321 0.5478274 0.5353574 0.5420641 0.5391714 0.5424035 0.5384933 0.5452002 0.5353574 0.5420641 0.5387872 0.5400235 0.5391714 0.5424035 0.5215093 0.4788096 0.5210388 0.4810758 0.5198615 0.4800163 0.5080315 0.4799575 0.4961424 0.4802518 0.4961424 0.4802518 0.5251421 0.4898833 0.522157 0.491258 0.5221065 0.4899445 0.4949089 0.4904928 0.4962521 0.4922842 0.4963201 0.5034562 0.5336341 0.4806637 0.5303381 0.4804872 0.5286902 0.4786038 0.6006237 0.520058 0.5955389 0.5153258 0.6059918 0.5097465 0.6160187 0.5216054 0.6081815 0.5065683 0.615684 0.5069915 0.4355983 0.4365742 0.4377877 0.4344554 0.4379997 0.4367861 0.4318551 0.4361504 0.4334795 0.4350204 0.4335501 0.4367861 0.4303011 0.382261 0.4389177 0.3847332 0.4302306 0.3844507 0.5666466 0.4973393 0.5700605 0.499164 0.5662348 0.4996935 0.5725275 0.5095239 0.5676472 0.5081099 0.5725353 0.5075797 0.5466595 0.5159438 0.5489306 0.5161148 0.5478613 0.5167174 0.5478613 0.5167174 0.5489306 0.5161148 0.5487539 0.5172917 0.5478613 0.5167174 0.5487539 0.5172917 0.5466281 0.5174133 0.5478613 0.5167174 0.5466281 0.5174133 0.5466595 0.5159438 0.5211567 0.5041478 0.5206856 0.5003808 0.5211567 0.5041478 0.5116645 0.5531716 0.5287969 0.5528568 0.5116645 0.5531716 0.4316969 0.4947054 0.4642097 0.5265154 0.4642097 0.5265154 0.5231575 0.496967 0.5206856 0.5003808 0.5206856 0.5003808 0.5287969 0.5528568 0.5298224 0.5505138 0.5287969 0.5528568 0.4316969 0.4947054 0.4479275 0.477702 0.4316969 0.4947054 0.5231575 0.496967 0.5228633 0.4949071 0.5231575 0.496967 0.5298224 0.5505138 0.5323119 0.5510994 0.5298224 0.5505138 0.4099043 0.3896099 0.4088639 0.3828571 0.4088639 0.3828571 0.5228633 0.4949071 0.5252764 0.494495 0.5228633 0.4949071 0.5318726 0.5531498 0.5323119 0.5510994 0.5323119 0.5510994 0.4076201 0.3906649 0.4099043 0.3896099 0.4099043 0.3896099 0.5253354 0.4970849 0.5252764 0.494495 0.5252764 0.494495 0.5318726 0.5531498 0.5491543 0.5528569 0.5318726 0.5531498 0.410959 0.4280982 0.4076201 0.3906649 0.4076201 0.3906649 0.5277484 0.4974969 0.5253354 0.4970849 0.5253354 0.4970849 0.5491543 0.5509531 0.5491543 0.5528569 0.5491543 0.5528569 0.4582344 0.4701012 0.410959 0.4280982 0.410959 0.4280982 0.528337 0.499086 0.5277484 0.4974969 0.5277484 0.4974969 0.5491543 0.5509531 0.5555983 0.5505138 0.5491543 0.5509531 0.4489954 0.4792624 0.4582344 0.4701012 0.4582344 0.4701012 0.5257472 0.4997923 0.528337 0.499086 0.528337 0.499086 0.5555983 0.5505138 0.5550125 0.5446555 0.5555983 0.5505138 0.4479275 0.477702 0.4538407 0.4715072 0.4479275 0.477702 0.5250411 0.5013813 0.5257472 0.4997923 0.5257472 0.4997923 0.4063895 0.4288012 0.4538407 0.4715072 0.4538407 0.4715072 0.5269832 0.5019699 0.5250411 0.5013813 0.5250411 0.5013813 0.5531085 0.5427514 0.552815 0.5338172 0.5531085 0.5427514 0.4063895 0.4288012 0.4032668 0.3776159 0.4063895 0.4288012 0.5255707 0.503971 0.5269832 0.5019699 0.5269832 0.5019699 0.4891619 0.4629563 0.4885054 0.4563605 0.4885054 0.4563605 0.5266889 0.5047951 0.5255707 0.503971 0.5255707 0.503971 0.5553054 0.5314748 0.5552201 0.5328438 0.5552201 0.5328438 0.5266887 0.5092093 0.5266889 0.5047951 0.5266889 0.5047951 0.5553054 0.5314748 0.5611634 0.5319138 0.5553054 0.5314748 0.6022512 0.4616119 0.6128624 0.449297 0.6128624 0.449297 0.5247467 0.5085029 0.5266887 0.5092093 0.5266887 0.5092093 0.5624815 0.5393831 0.5611634 0.5319138 0.5611634 0.5319138 0.5230987 0.5096213 0.5247467 0.5085029 0.5247467 0.5085029 0.5624815 0.5393831 0.5724404 0.5396761 0.5624815 0.5393831 0.5328791 0.4897273 0.5376465 0.4897862 0.5328791 0.4897273 0.5216861 0.5090915 0.5230987 0.5096213 0.5230987 0.5096213 0.5724404 0.5396761 0.5718547 0.5344037 0.5724404 0.5396761 0.5642699 0.4615832 0.5936662 0.4304426 0.5936662 0.4304426 0.5316432 0.5129757 0.5328791 0.4897273 0.5316432 0.5129757 0.5216861 0.5090915 0.5213918 0.5054424 0.5216861 0.5090915 0.5673146 0.532207 0.5718547 0.5344037 0.5718547 0.5344037 0.5316432 0.5129757 0.5372345 0.5130934 0.5372345 0.5130934 0.4959001 0.5057095 0.5020397 0.5056455 0.5020396 0.5056454 0.5728798 0.5319139 0.5673146 0.532207 0.5673146 0.532207 0.5372345 0.5130934 0.5376465 0.4897862 0.5376465 0.4897862 0.4959001 0.5057095 0.4949089 0.4904928 0.4959001 0.5057095 0.5728798 0.5319139 0.5728798 0.5267881 0.5728798 0.5319139 0.4960067 0.4614629 0.4959598 0.4576517 0.4959598 0.4576517 0.5795235 0.4795889 0.5859507 0.4795889 0.5795235 0.4795889 0.5251588 0.4913758 0.5251421 0.4898833 0.5251421 0.4898833 0.5728798 0.5267881 0.5843033 0.5267881 0.5728798 0.5267881 0.4959598 0.4576517 0.4980783 0.4574825 0.4980783 0.4574825 0.5795235 0.4795889 0.5790291 0.4783176 0.5790291 0.4783176 0.522157 0.491258 0.5251588 0.4913758 0.5251588 0.4913758 0.5843033 0.5267881 0.5856212 0.522248 0.5843033 0.5267881 0.4980783 0.4574825 0.4979925 0.4467198 0.4979925 0.4467198 0.5499303 0.4783882 0.5790291 0.4783176 0.5499303 0.4783882 0.522157 0.491258 0.5221065 0.4899445 0.522157 0.491258 0.5856212 0.522248 0.6160838 0.5244447 0.5856212 0.522248 0.4979925 0.4467198 0.5052825 0.4465492 0.5052825 0.4465492 0.549224 0.4861573 0.5499303 0.4783882 0.549224 0.4861573 0.4961498 0.4911602 0.4961494 0.4904678 0.4961494 0.4904678 0.615684 0.5069915 0.6156443 0.5052592 0.615684 0.5069915 0.5056213 0.4646869 0.5052825 0.4465492 0.5056213 0.4646869 0.549224 0.4861573 0.5509191 0.486016 0.5509191 0.486016 0.4972399 0.491024 0.4961498 0.4911602 0.4961498 0.4911602 0.6027566 0.5051129 0.6156443 0.5052592 0.6156443 0.5052592 0.5056213 0.4646869 0.5319797 0.4640086 0.5319797 0.4640086 0.5550156 0.4932907 0.5509191 0.486016 0.5550156 0.4932907 0.4970355 0.4920117 0.4972399 0.491024 0.4972399 0.491024 0.6015849 0.502916 0.6027566 0.5051129 0.6027566 0.5051129 0.5319797 0.4640086 0.5318188 0.4583438 0.5318188 0.4583438 0.5550156 0.4932907 0.5560044 0.49322 0.5560044 0.49322 0.4962521 0.4922842 0.4970355 0.4920117 0.4970355 0.4920117 0.6015849 0.502916 0.6034888 0.5020372 0.6015849 0.502916 0.5318188 0.4583438 0.5351138 0.4583438 0.5351138 0.4583438 0.5560044 0.49322 0.5564988 0.4939264 0.5564988 0.4939264 0.4963201 0.5034562 0.4962521 0.4922842 0.4962521 0.4922842 0.6034888 0.5020372 0.6062713 0.5021837 0.6034888 0.5020372 0.5368229 0.4640796 0.5351138 0.4583438 0.5368229 0.4640796 0.5564988 0.4939264 0.5613721 0.4942089 0.5613721 0.4942089 0.4977507 0.503456 0.4963201 0.5034562 0.4963201 0.5034562 0.5999738 0.4939823 0.6062713 0.5021837 0.6062713 0.5021837 0.5368229 0.4640796 0.5451217 0.4639578 0.5451217 0.4639578 0.5613721 0.4942089 0.5607365 0.4885587 0.5607365 0.4885587 0.4987385 0.5048867 0.4977507 0.503456 0.4977507 0.503456 0.5968983 0.4973507 0.5999738 0.4939823 0.5999738 0.4939823 0.5451217 0.4639578 0.54561 0.4626152 0.54561 0.4626152 0.5607365 0.4885587 0.564621 0.4882055 0.564621 0.4882055 0.5055642 0.5046616 0.5211567 0.5041478 0.5055642 0.5046617 0.5955802 0.4944216 0.5968983 0.4973507 0.5968983 0.4973507 0.54561 0.4626152 0.5498815 0.4624931 0.5498815 0.4624931 0.5642678 0.4917369 0.564621 0.4882055 0.5642678 0.4917369 0.5215093 0.4788096 0.5286902 0.4786038 0.5215093 0.4788096 0.5955802 0.4944216 0.5966054 0.4926642 0.5955802 0.4944216 0.5504914 0.4661547 0.5498815 0.4624931 0.5504914 0.4661547 0.5642678 0.4917369 0.5673755 0.4920194 0.5673755 0.4920194 0.5286902 0.4786038 0.5371065 0.4783683 0.5286902 0.4786038 0.5933835 0.4887099 0.5966054 0.4926642 0.5966054 0.4926642 0.5504914 0.4661547 0.5539088 0.4661548 0.5539088 0.4661548 0.5673755 0.4920194 0.5670223 0.4910306 0.5670223 0.4910306 0.5376363 0.4794278 0.5371065 0.4783683 0.5371065 0.4783683 0.5933835 0.4887099 0.5920655 0.4791904 0.5933835 0.4887099 0.5539088 0.4661548 0.554153 0.4638358 0.554153 0.4638358 0.5670223 0.4910306 0.5726019 0.4910306 0.5726019 0.4910306 0.5376363 0.4794278 0.5439929 0.4793689 0.5376363 0.4794278 0.5920655 0.4791904 0.6014384 0.4784581 0.5920655 0.4791904 0.554153 0.4638358 0.5621163 0.4638645 0.5621163 0.4638645 0.5438752 0.4807815 0.5439929 0.4793689 0.5439929 0.4793689 0.6031957 0.4802156 0.6014384 0.4784581 0.6014384 0.4784581 0.5733788 0.4908893 0.573167 0.4871461 0.573167 0.4871461 0.5371066 0.4807226 0.5438752 0.4807815 0.5438752 0.4807815 0.6020241 0.4809479 0.6031957 0.4802156 0.6031957 0.4802156 0.573167 0.4871461 0.5823486 0.4872873 0.5823486 0.4872873 0.5371655 0.4821941 0.5371066 0.4807226 0.5371066 0.4807226 0.6131547 0.4914926 0.6020241 0.4809479 0.6020241 0.4809479 0.5823486 0.4872873 0.5822074 0.484886 0.5822074 0.484886 0.5356352 0.481782 0.5371655 0.4821941 0.5371655 0.4821941 0.6131547 0.4914926 0.6330724 0.4737716 0.6131547 0.4914926 0.5787466 0.4847447 0.5822074 0.484886 0.5787466 0.4847447 0.5352821 0.4803695 0.5356352 0.481782 0.5356352 0.481782 0.6234064 0.4727464 0.6330724 0.4737716 0.6330724 0.4737716 0.5946988 0.4293488 0.5922755 0.4268988 0.5922755 0.4268988 0.5787466 0.4847447 0.5782522 0.4803658 0.5782522 0.4803658 0.5336341 0.4806637 0.5352821 0.4803695 0.5352821 0.4803695 0.6162303 0.4655701 0.6234064 0.4727464 0.6234064 0.4727464 0.5586565 0.4273223 0.5922755 0.4268988 0.5586565 0.4273223 0.5782522 0.4803658 0.5860919 0.4803658 0.5860919 0.4803658 0.533693 0.4830181 0.5336341 0.4806637 0.5336341 0.4806637 0.6162303 0.4655701 0.6268076 0.4644276 0.6162303 0.4655701 0.5574557 0.4617888 0.5586565 0.4273223 0.5574557 0.4617888 0.5860919 0.4803658 0.5859507 0.4795889 0.5859507 0.4795889 0.5318096 0.4832535 0.533693 0.4830181 0.533693 0.4830181 0.6295577 0.4655702 0.6281318 0.4631523 0.6281318 0.4631523 0.5375032 0.4611252 0.5574557 0.4617888 0.5375032 0.4611252 0.4832986 0.4907269 0.4792712 0.4825498 0.4792712 0.4825498 0.5303381 0.4804872 0.5318096 0.4832535 0.5318096 0.4832535 0.6207705 0.4665954 0.6295577 0.4655702 0.6295577 0.4655702 0.5375032 0.4611252 0.5352151 0.455955 0.5352151 0.455955 0.4611915 0.4909607 0.4792712 0.4825498 0.4611915 0.4909607 0.5295141 0.4832535 0.5303381 0.4804872 0.5303381 0.4804872 0.6254569 0.4702568 0.6207705 0.4665954 0.6207705 0.4665954 0.5306379 0.456379 0.5352151 0.455955 0.5306379 0.456379 0.4658292 0.4995039 0.4611915 0.4909607 0.4658292 0.4995039 0.5281628 0.4833354 0.5295141 0.4832535 0.5295141 0.4832535 0.6254569 0.4702568 0.6370269 0.4717212 0.6254569 0.4702568 0.5301295 0.4629051 0.5306379 0.456379 0.5301295 0.4629051 0.4658292 0.4995039 0.4832986 0.4907269 0.4832986 0.4907269 0.6160187 0.5216054 0.6160838 0.5244447 0.6160838 0.5244447 0.6112508 0.4957396 0.6370269 0.4717212 0.6370269 0.4717212 0.5070769 0.4633286 0.5301295 0.4629051 0.5070769 0.4633286 0.4281342 0.4009016 0.4364333 0.4000473 0.4281342 0.4009016 0.6112508 0.4957396 0.5999739 0.4829983 0.6112508 0.4957396 0.5070769 0.4633286 0.5072461 0.4442592 0.5072461 0.4442592 0.4309412 0.420795 0.4281342 0.4009016 0.4309412 0.420795 0.5919368 0.5100996 0.5927134 0.5129247 0.5927134 0.5129247 0.5977772 0.4863667 0.5999739 0.4829983 0.5999739 0.4829983 0.4972441 0.4446839 0.5072461 0.4442592 0.4972441 0.4446839 0.4309412 0.420795 0.4376537 0.4217714 0.4376537 0.4217714 0.5927134 0.5129247 0.5955389 0.5153258 0.5955389 0.5153258 0.607736 0.4974972 0.5977772 0.4863667 0.5977772 0.4863667 0.4970759 0.4565483 0.4972441 0.4446839 0.4970759 0.4565483 0.4376537 0.4217714 0.4364333 0.4000473 0.4364333 0.4000473 0.5955389 0.5153258 0.5956799 0.5194931 0.5956799 0.5194931 0.609054 0.5026231 0.607736 0.4974972 0.607736 0.4974972 0.4970759 0.4565483 0.4941092 0.4565485 0.4941092 0.4565485 0.5956799 0.5194931 0.6006237 0.520058 0.6006237 0.520058 0.609054 0.5026231 0.6176949 0.5032089 0.609054 0.5026231 0.493972 0.4600788 0.4941092 0.4565485 0.493972 0.4600788 0.4583003 0.4316325 0.4584591 0.4359231 0.4584591 0.4359231 0.6006237 0.520058 0.6008358 0.5212588 0.6008358 0.5212588 0.6172556 0.5291314 0.6176949 0.5032089 0.6176949 0.5032089 0.5621163 0.4638645 0.5877161 0.463957 0.5877161 0.463957 0.4541507 0.4311444 0.4583003 0.4316325 0.4583003 0.4316325 0.6008358 0.5212588 0.6160187 0.5216054 0.6160187 0.5216054 0.5882575 0.5263487 0.6172556 0.5291314 0.6172556 0.5291314 0.5642699 0.4615832 0.5877161 0.463957 0.5642699 0.4615832 0.4541507 0.4296798 0.4541507 0.4311444 0.4541507 0.4311444 0.5851821 0.530303 0.5882575 0.5263487 0.5882575 0.5263487 0.5936662 0.4304426 0.5965031 0.4328358 0.5965031 0.4328358 0.4574458 0.429802 0.4541507 0.4296798 0.4541507 0.4296798 0.6081815 0.5065683 0.615684 0.5069915 0.6081815 0.5065683 0.575516 0.5303029 0.5851821 0.530303 0.5851821 0.530303 0.595404 0.4584659 0.5965031 0.4328358 0.595404 0.4584659 0.4574458 0.429802 0.4570797 0.4245541 0.4574458 0.429802 0.6059918 0.5097465 0.6081815 0.5065683 0.6059918 0.5097465 0.5753696 0.5402619 0.575516 0.5303029 0.575516 0.5303029 0.595404 0.4584659 0.5922316 0.4578549 0.5922316 0.4578549 0.4537846 0.4240658 0.4570797 0.4245541 0.4570797 0.4245541 0.5919368 0.5100996 0.6059918 0.5097465 0.5919368 0.5100996 0.5601329 0.5423066 0.5753696 0.5402619 0.5753696 0.5402619 0.5919873 0.4634693 0.5922316 0.4578549 0.5919873 0.4634693 0.4537846 0.4240658 0.4534183 0.421503 0.4537846 0.4240658 0.4355983 0.4365742 0.4379997 0.4367861 0.4379997 0.4367861 0.5586739 0.5552003 0.5601329 0.5423066 0.5601329 0.5423066 0.5919873 0.4634693 0.6000502 0.4641662 0.6000502 0.4641662 0.4534183 0.421503 0.4529302 0.4134479 0.4534183 0.421503 0.4353158 0.4343847 0.4355983 0.4365742 0.4355983 0.4365742 0.5082935 0.5559326 0.5586739 0.5552003 0.5586739 0.5552003 0.4529302 0.4134479 0.4587883 0.4140582 0.4529302 0.4134479 0.4353158 0.4343847 0.4377877 0.4344554 0.4353158 0.4343847 0.4935297 0.5478904 0.5082935 0.5559326 0.5082935 0.5559326 0.4587883 0.4140582 0.4580563 0.4095423 0.4587883 0.4140582 0.4379997 0.4367861 0.4377877 0.4344554 0.4377877 0.4344554 0.5724794 0.5214689 0.5725275 0.5095239 0.5724794 0.5214689 0.4611073 0.4091763 0.4580563 0.4095423 0.4580563 0.4095423 0.4318551 0.4361504 0.4335501 0.4367861 0.4335501 0.4367861 0.5465448 0.5212997 0.5724794 0.5214689 0.5465448 0.5212997 0.4611074 0.413936 0.4611073 0.4091763 0.4611073 0.4091763 0.4320669 0.4350203 0.4318551 0.4361504 0.4318551 0.4361504 0.5466595 0.5159438 0.5467991 0.509434 0.5467991 0.509434 0.4611074 0.413936 0.4665994 0.4128376 0.4611074 0.413936 0.4334795 0.4350204 0.4320669 0.4350203 0.4320669 0.4350203 0.5467991 0.509434 0.5447652 0.5096036 0.5447652 0.5096036 0.4665994 0.4128376 0.4659892 0.4081999 0.4665994 0.4128376 0.4335501 0.4367861 0.4334795 0.4350204 0.4334795 0.4350204 0.545528 0.5221472 0.5447652 0.5096036 0.545528 0.5221472 0.6135914 0.4484509 0.5946988 0.4293488 0.5946988 0.4293488 0.4659892 0.4081999 0.468308 0.4083219 0.4659892 0.4081999 0.4371201 0.3755523 0.4431666 0.3746375 0.4431666 0.3746375 0.545528 0.5221472 0.5735815 0.5222321 0.5735815 0.5222321 0.6018728 0.4643238 0.6000502 0.4641662 0.6018728 0.4643238 0.4686739 0.4124715 0.468308 0.4083219 0.468308 0.4083219 0.4351745 0.3885471 0.4389177 0.3847332 0.4389177 0.3847332 0.5735815 0.5222321 0.5733788 0.4908893 0.5733788 0.4908893 0.6018728 0.4643238 0.6022512 0.4616119 0.6022512 0.4616119 0.4686739 0.4124715 0.4738 0.4122274 0.4686739 0.4124715 0.4302306 0.3844507 0.4351745 0.3885471 0.4351745 0.3885471 0.6128624 0.449297 0.6139081 0.4509886 0.6139081 0.4509886 0.4738 0.4122274 0.473922 0.4074676 0.4738 0.4122274 0.4303011 0.382261 0.4302306 0.3844507 0.4302306 0.3844507 0.5414596 0.5334192 0.552815 0.5338172 0.552815 0.5338172 0.6066981 0.4587381 0.6139081 0.4509886 0.6066981 0.4587381 0.4763631 0.4075896 0.473922 0.4074676 0.473922 0.4074676 0.4303011 0.382261 0.4371201 0.3755523 0.4303011 0.382261 0.5414596 0.5324872 0.5414596 0.5334192 0.5414596 0.5334192 0.6066981 0.4587381 0.6087581 0.4610433 0.6087581 0.4610433 0.4759967 0.4116172 0.4763631 0.4075896 0.4763631 0.4075896 0.4389177 0.3847332 0.4371201 0.3755523 0.4371201 0.3755523 0.5414596 0.5324872 0.5552201 0.5328438 0.5414596 0.5324872 0.6087581 0.4610433 0.6074339 0.4626619 0.6074339 0.4626619 0.4759967 0.4116172 0.4819771 0.4108849 0.4759967 0.4116172 0.5662348 0.4996935 0.5700605 0.499164 0.5700605 0.499164 0.5350183 0.5479124 0.5388321 0.5478274 0.5388321 0.5478274 0.6059134 0.4626128 0.6074339 0.4626619 0.6059134 0.4626128 0.4819771 0.4108849 0.4820991 0.4064913 0.4819771 0.4108849 0.5662348 0.4996935 0.5666466 0.4973393 0.5662348 0.4996935 0.5347641 0.545539 0.5350183 0.5479124 0.5350183 0.5479124 0.6059134 0.4626128 0.6059624 0.4640842 0.6059624 0.4640842 0.4820991 0.4064913 0.4834415 0.4066133 0.4820991 0.4064913 0.5666466 0.4973393 0.5696485 0.4966918 0.5666466 0.4973393 0.6059624 0.4640842 0.6082186 0.4639371 0.6082186 0.4639371 0.4840517 0.4116173 0.4834415 0.4066133 0.4834415 0.4066133 0.5700605 0.499164 0.5696485 0.4966918 0.5696485 0.4966918 0.6082186 0.4639371 0.6178319 0.4541767 0.6178319 0.4541767 0.4885054 0.4563605 0.4857593 0.4287728 0.4857593 0.4287728 0.5725353 0.5075797 0.5726019 0.4910306 0.5725353 0.5075797 0.5388321 0.5478274 0.5550125 0.5446555 0.5550125 0.5446555 0.6178319 0.4541767 0.6268076 0.4644276 0.6268076 0.4644276 0.481733 0.4632423 0.4892997 0.4643407 0.4892997 0.4643407 0.4700166 0.4565298 0.481733 0.4632423 0.481733 0.4632423 0.5676472 0.5081099 0.5725353 0.5075797 0.5676472 0.5081099 0.6281318 0.4631523 0.6135914 0.4484509 0.6135914 0.4484509 0.4647686 0.451648 0.4700166 0.4565298 0.4700166 0.4565298 0.5675293 0.5104053 0.5676472 0.5081099 0.5675293 0.5104053 0.5387872 0.5400235 0.5350107 0.5401706 0.5350107 0.5401706 0.4892997 0.4643407 0.4960444 0.464517 0.4960444 0.464517 0.4647686 0.451648 0.4585443 0.438223 0.4647686 0.451648 0.5675293 0.5104053 0.5725275 0.5095239 0.5725275 0.5095239 0.5391714 0.5424035 0.5387872 0.5400235 0.5387872 0.5400235 0.4960444 0.464517 0.4960067 0.4614629 0.4960067 0.4614629 0.4585443 0.438223 0.4584591 0.4359231 0.4585443 0.438223 0.5465448 0.5212997 0.5466281 0.5174133 0.5466281 0.5174133 0.5391714 0.5424035 0.5531085 0.5427514 0.5391714 0.5424035 0.4938552 0.4630742 0.493972 0.4600788 0.4938552 0.4630742 0.5347641 0.545539 0.5350107 0.5401706 0.5347641 0.545539 0.4891619 0.4629563 0.4938552 0.4630742 0.4891619 0.4629563 0.5466281 0.5174133 0.5487539 0.5172917 0.5487539 0.5172917 0.4961424 0.4802518 0.4961494 0.4904678 0.4961494 0.4904678 0.4687791 0.5222975 0.4722539 0.5178294 0.4687791 0.5222975 0.5466595 0.5159438 0.5489306 0.5161148 0.5466595 0.5159438 0.4722539 0.5178294 0.4755593 0.5177447 0.4722539 0.5178294 0.4861266 0.411495 0.4840517 0.4116173 0.4840517 0.4116173 0.4755593 0.5177447 0.4764068 0.5136764 0.4755593 0.5177447 0.487469 0.4260184 0.4861266 0.411495 0.4861266 0.411495 0.4949089 0.4904928 0.4949651 0.4813112 0.4949089 0.4904928 0.4783561 0.513507 0.4764068 0.5136764 0.4764068 0.5136764 0.487469 0.4260184 0.4927177 0.4255297 0.487469 0.4260184 0.4933173 0.4801341 0.4949651 0.4813112 0.4949651 0.4813112 0.4788647 0.5182532 0.4783561 0.513507 0.4783561 0.513507 0.4927177 0.4255297 0.4906427 0.4075894 0.4927177 0.4255297 0.5487539 0.5172917 0.5489306 0.5161148 0.5489306 0.5161148 0.4937881 0.4796044 0.4933173 0.4801341 0.4933173 0.4801341 0.4788647 0.5182532 0.4901369 0.5165581 0.4788647 0.5182532 0.4906427 0.4075894 0.48979 0.3985566 0.4906427 0.4075894 0.4937881 0.4796044 0.5215093 0.4788096 0.4937881 0.4796044 0.4901369 0.5165581 0.4907302 0.5118966 0.4901369 0.5165581 0.4465839 0.4017315 0.48979 0.3985566 0.48979 0.3985566 0.5256295 0.4834888 0.5281628 0.4833354 0.5281628 0.4833354 0.4856449 0.5035058 0.4907302 0.5118966 0.4907302 0.5118966 0.4465839 0.4017315 0.4431666 0.3746375 0.4465839 0.4017315 0.5250998 0.4860786 0.5256295 0.4834888 0.5256295 0.4834888 0.4856449 0.5035058 0.4894589 0.5029975 0.4856449 0.5035058 0.4220309 0.3778352 0.4371201 0.3755523 0.4371201 0.3755523 0.5251421 0.4898833 0.5250998 0.4860786 0.5250998 0.4860786 0.4894589 0.5029975 0.4902217 0.4985903 0.4894589 0.5029975 0.4218551 0.38135 0.4220309 0.3778352 0.4220309 0.3778352 0.4902217 0.4985903 0.4920015 0.4985054 0.4902217 0.4985903 0.4088639 0.3828571 0.4218551 0.38135 0.4218551 0.38135 0.4918319 0.5048621 0.4920015 0.4985054 0.4920015 0.4985054 0.4032668 0.3776159 0.4462838 0.3704538 0.4032668 0.3776159 0.4918319 0.5048621 0.4959001 0.5057095 0.4918319 0.5048621 0.4497985 0.3987488 0.4462838 0.3704538 0.4462838 0.3704538 0.4935271 0.5452048 0.4959001 0.5057095 0.4959001 0.5057095 0.4497985 0.3987488 0.4949682 0.3950557 0.4497985 0.3987488 0.4955104 0.5460759 0.4935271 0.5452048 0.4935271 0.5452048 0.4967222 0.4279224 0.4949682 0.3950557 0.4949682 0.3950557 0.4902796 0.5461201 0.4935297 0.5478904 0.4935297 0.5478904 0.4857593 0.4287728 0.4967222 0.4279224 0.4967222 0.4279224 0.4902796 0.5461201 0.4908655 0.5199047 0.4902796 0.5461201 0.4346845 0.494354 0.4489954 0.4792624 0.4489954 0.4792624 0.4766594 0.5213693 0.4908655 0.5199047 0.4908655 0.5199047 0.4346845 0.494354 0.460519 0.5179039 0.4346845 0.494354 0.4661147 0.5298637 0.4766594 0.5213693 0.4766594 0.5213693 0.460519 0.5179039 0.462628 0.5161465 0.460519 0.5179039 0.4642097 0.5265154 0.4661147 0.5298637 0.4661147 0.5298637 0.462628 0.5161465 0.4687791 0.5222975 0.462628 0.5161465 0.4955104 0.5460759 0.5116645 0.5531716 0.4955104 0.5460759 0.5078549 0.4831947 0.5080315 0.4799575 0.5080315 0.4799575 0.5109742 0.4835478 0.5078549 0.4831947 0.5078549 0.4831947 0.5116806 0.4797222 0.5109742 0.4835478 0.5109742 0.4835478 0.5160947 0.4800162 0.5116806 0.4797222 0.5116806 0.4797222 0.5198615 0.4800163 0.5160947 0.4800162 0.5160947 0.4800162 0.5210388 0.4810758 0.5198615 0.4800163 0.5198615 0.4800163 0.5232164 0.4856666 0.5210388 0.4810758 0.5210388 0.4810758 0.5232164 0.4856666 0.5220394 0.4881975 0.5232164 0.4856666 0.5221065 0.4899445 0.5220394 0.4881975 0.5220394 0.4881975 0.4987385 0.5048867 0.502481 0.5047633 0.4987385 0.5048867 0.5054779 0.5056092 0.5213918 0.5054424 0.5213918 0.5054424 0.5253354 0.4970849 0.5231575 0.496967 0.5257472 0.4997923 0.5253354 0.4970849 0.5257472 0.4997923 0.5231575 0.496967 0.5020396 0.5056454 0.5055642 0.5046616 0.502481 0.5047633 0 0 0 0 0 0 0 0 0 0 0 0 0.5372345 0.5130934 0.5376465 0.4897862 0.5328791 0.4897273 0.5790291 0.4783176 0.5499303 0.4783882 0.564621 0.4882055 0.5499303 0.4783882 0.549224 0.4861573 0.5509191 0.486016 0.5509191 0.486016 0.5550156 0.4932907 0.5560044 0.49322 0.5499303 0.4783882 0.5509191 0.486016 0.5607365 0.4885587 0.5790291 0.4783176 0.564621 0.4882055 0.5782522 0.4803658 0.5860919 0.4803658 0.5859507 0.4795889 0.5795235 0.4795889 0.5795235 0.4795889 0.5790291 0.4783176 0.5782522 0.4803658 0.5560044 0.49322 0.5564988 0.4939264 0.5613721 0.4942089 0.5782522 0.4803658 0.5860919 0.4803658 0.5795235 0.4795889 0.5823486 0.4872873 0.5822074 0.484886 0.5787466 0.4847447 0.573167 0.4871461 0.5823486 0.4872873 0.5787466 0.4847447 0.5787466 0.4847447 0.5782522 0.4803658 0.573167 0.4871461 0.5499303 0.4783882 0.5607365 0.4885587 0.564621 0.4882055 0.573167 0.4871461 0.5782522 0.4803658 0.564621 0.4882055 0.5509191 0.486016 0.5560044 0.49322 0.5607365 0.4885587 0.5560044 0.49322 0.5613721 0.4942089 0.5607365 0.4885587 0.5726019 0.4910306 0.5733788 0.4908893 0.573167 0.4871461 0.5642678 0.4917369 0.5673755 0.4920194 0.5670223 0.4910306 0.5670223 0.4910306 0.5726019 0.4910306 0.573167 0.4871461 0.564621 0.4882055 0.5642678 0.4917369 0.5670223 0.4910306 0.4658292 0.4995039 0.4832986 0.4907269 0.4792712 0.4825498 0.4309412 0.420795 0.4376537 0.4217714 0.4364333 0.4000473 0.4583003 0.4316325 0.4584591 0.4359231 0.4857593 0.4287728 0.4584591 0.4359231 0.4885054 0.4563605 0.4857593 0.4287728 0.4857593 0.4287728 0.4840517 0.4116173 0.4759967 0.4116172 0.4840517 0.4116173 0.4834415 0.4066133 0.4819771 0.4108849 0.4541507 0.4296798 0.4541507 0.4311444 0.4574458 0.429802 0.4541507 0.4311444 0.4583003 0.4316325 0.4574458 0.429802 0.4840517 0.4116173 0.4819771 0.4108849 0.4759967 0.4116172 0.4834415 0.4066133 0.4820991 0.4064913 0.4819771 0.4108849 0.4574458 0.429802 0.4583003 0.4316325 0.4570797 0.4245541 0.4583003 0.4316325 0.4857593 0.4287728 0.4686739 0.4124715 0.4570797 0.4245541 0.4583003 0.4316325 0.4686739 0.4124715 0.4534183 0.421503 0.4537846 0.4240658 0.4570797 0.4245541 0.4686739 0.4124715 0.4857593 0.4287728 0.4738 0.4122274 0.4759967 0.4116172 0.4763631 0.4075896 0.473922 0.4074676 0.4759967 0.4116172 0.473922 0.4074676 0.4738 0.4122274 0.4857593 0.4287728 0.4759967 0.4116172 0.4738 0.4122274 0.4529302 0.4134479 0.4534183 0.421503 0.4587883 0.4140582 0.4534183 0.421503 0.4570797 0.4245541 0.4587883 0.4140582 0.4611073 0.4091763 0.4580563 0.4095423 0.4611074 0.413936 0.4580563 0.4095423 0.4587883 0.4140582 0.4611074 0.413936 0.4686739 0.4124715 0.468308 0.4083219 0.4665994 0.4128376 0.468308 0.4083219 0.4659892 0.4081999 0.4665994 0.4128376 0.4587883 0.4140582 0.4570797 0.4245541 0.4611074 0.413936 0.4665994 0.4128376 0.4611074 0.413936 0.4570797 0.4245541 0.4891619 0.4629563 0.4885054 0.4563605 0.481733 0.4632423 0.4885054 0.4563605 0.4584591 0.4359231 0.4585443 0.438223 0.4647686 0.451648 0.4885054 0.4563605 0.4585443 0.438223 0.4647686 0.451648 0.4700166 0.4565298 0.4885054 0.4563605 0.4700166 0.4565298 0.481733 0.4632423 0.4885054 0.4563605 0.4032668 0.3776159 0.4088639 0.3828571 0.4220309 0.3778352 0.4088639 0.3828571 0.4218551 0.38135 0.4220309 0.3778352 0.4220309 0.3778352 0.4371201 0.3755523 0.4462838 0.3704538 0.4371201 0.3755523 0.4431666 0.3746375 0.4462838 0.3704538 0.4861266 0.411495 0.4840517 0.4116173 0.487469 0.4260184 0.4840517 0.4116173 0.4857593 0.4287728 0.487469 0.4260184 0.4462838 0.3704538 0.4032668 0.3776159 0.4220309 0.3778352 0.4497985 0.3987488 0.4462838 0.3704538 0.4431666 0.3746375 0.48979 0.3985566 0.4906427 0.4075894 0.4949682 0.3950557 0.4906427 0.4075894 0.4927177 0.4255297 0.4967222 0.4279224 0.4927177 0.4255297 0.487469 0.4260184 0.4857593 0.4287728 0.4497985 0.3987488 0.4431666 0.3746375 0.4465839 0.4017315 0.4497985 0.3987488 0.4465839 0.4017315 0.48979 0.3985566 0.4927177 0.4255297 0.4857593 0.4287728 0.4967222 0.4279224 0.4949682 0.3950557 0.4497985 0.3987488 0.48979 0.3985566 0.4346845 0.494354 0.4489954 0.4792624 0.4479275 0.477702 0.4642097 0.5265154 0.4687791 0.5222975 0.460519 0.5179039 0.4687791 0.5222975 0.462628 0.5161465 0.460519 0.5179039 0.4346845 0.494354 0.4479275 0.477702 0.4316969 0.4947054 0.4642097 0.5265154 0.460519 0.5179039 0.4316969 0.4947054 0.4099043 0.3896099 0.4088639 0.3828571 0.4076201 0.3906649 0.4088639 0.3828571 0.4032668 0.3776159 0.4076201 0.3906649 0.4538407 0.4715072 0.4479275 0.477702 0.4489954 0.4792624 0.4538407 0.4715072 0.4489954 0.4792624 0.4582344 0.4701012 0.410959 0.4280982 0.4076201 0.3906649 0.4063895 0.4288012 0.4076201 0.3906649 0.4032668 0.3776159 0.4063895 0.4288012 0.4538407 0.4715072 0.4582344 0.4701012 0.410959 0.4280982 0.6281318 0.4631523 0.6135914 0.4484509 0.6178319 0.4541767 0.6135914 0.4484509 0.6128624 0.449297 0.6139081 0.4509886 0.6178319 0.4541767 0.6135914 0.4484509 0.6139081 0.4509886 0.6139081 0.4509886 0.6066981 0.4587381 0.6087581 0.4610433 0.6178319 0.4541767 0.6268076 0.4644276 0.6281318 0.4631523 0.6059624 0.4640842 0.6082186 0.4639371 0.6074339 0.4626619 0.6082186 0.4639371 0.6178319 0.4541767 0.6087581 0.4610433 0.6074339 0.4626619 0.6082186 0.4639371 0.6087581 0.4610433 0.6074339 0.4626619 0.6059134 0.4626128 0.6059624 0.4640842 0.4960444 0.464517 0.4960067 0.4614629 0.4938552 0.4630742 0.4960067 0.4614629 0.493972 0.4600788 0.4938552 0.4630742 0.4938552 0.4630742 0.4891619 0.4629563 0.4892997 0.4643407 0.4687791 0.5222975 0.4642097 0.5265154 0.4661147 0.5298637 0.4687791 0.5222975 0.4661147 0.5298637 0.4766594 0.5213693 0.4755593 0.5177447 0.4722539 0.5178294 0.4766594 0.5213693 0.4722539 0.5178294 0.4687791 0.5222975 0.4766594 0.5213693 0.4783561 0.513507 0.4764068 0.5136764 0.4788647 0.5182532 0.4764068 0.5136764 0.4755593 0.5177447 0.4788647 0.5182532 0.4908655 0.5199047 0.4902796 0.5461201 0.4935271 0.5452048 0.4902796 0.5461201 0.4935297 0.5478904 0.4935271 0.5452048 0.4788647 0.5182532 0.4755593 0.5177447 0.4766594 0.5213693 0.4901369 0.5165581 0.4788647 0.5182532 0.4908655 0.5199047 0.4788647 0.5182532 0.4766594 0.5213693 0.4908655 0.5199047 0.4894589 0.5029975 0.4856449 0.5035058 0.4918319 0.5048621 0.4856449 0.5035058 0.4907302 0.5118966 0.4918319 0.5048621 0.4907302 0.5118966 0.4901369 0.5165581 0.4959001 0.5057095 0.4901369 0.5165581 0.4908655 0.5199047 0.4959001 0.5057095 0.4935297 0.5478904 0.4955104 0.5460759 0.4935271 0.5452048 0.4935271 0.5452048 0.4959001 0.5057095 0.4908655 0.5199047 0.4959001 0.5057095 0.4918319 0.5048621 0.4907302 0.5118966 0.4918319 0.5048621 0.4920015 0.4985054 0.4894589 0.5029975 0.5735815 0.5222321 0.5733788 0.4908893 0.5725353 0.5075797 0.5733788 0.4908893 0.5726019 0.4910306 0.5725353 0.5075797 0.5725353 0.5075797 0.5725275 0.5095239 0.5735815 0.5222321 0.5725275 0.5095239 0.5724794 0.5214689 0.5735815 0.5222321 0.5467991 0.509434 0.5447652 0.5096036 0.5466595 0.5159438 0.5447652 0.5096036 0.545528 0.5221472 0.5466281 0.5174133 0.5466281 0.5174133 0.5466595 0.5159438 0.5447652 0.5096036 0.5465448 0.5212997 0.5466281 0.5174133 0.545528 0.5221472 0.5735815 0.5222321 0.5724794 0.5214689 0.545528 0.5221472 0.5251421 0.4898833 0.5221065 0.4899445 0.522157 0.491258 0.4961498 0.4911602 0.4961494 0.4904678 0.4949089 0.4904928 0.4959001 0.5057095 0.5020396 0.5056454 0.4987385 0.5048867 0.5020396 0.5056454 0.502481 0.5047633 0.4987385 0.5048867 0.4987385 0.5048867 0.4977507 0.503456 0.4959001 0.5057095 0.4977507 0.503456 0.4963201 0.5034562 0.4959001 0.5057095 0.4961498 0.4911602 0.4949089 0.4904928 0.4962521 0.4922842 0.4949089 0.4904928 0.4959001 0.5057095 0.4963201 0.5034562 0.4970355 0.4920117 0.4972399 0.491024 0.4961498 0.4911602 0.4962521 0.4922842 0.4970355 0.4920117 0.4961498 0.4911602 0.5286902 0.4786038 0.5215093 0.4788096 0.5281628 0.4833354 0.5281628 0.4833354 0.5295141 0.4832535 0.5303381 0.4804872 0.5303381 0.4804872 0.5318096 0.4832535 0.5336341 0.4806637 0.5318096 0.4832535 0.533693 0.4830181 0.5336341 0.4806637 0.5286902 0.4786038 0.5281628 0.4833354 0.5303381 0.4804872 0.5376363 0.4794278 0.5371065 0.4783683 0.5352821 0.4803695 0.5371065 0.4783683 0.5286902 0.4786038 0.5336341 0.4806637 0.5336341 0.4806637 0.5286902 0.4786038 0.5303381 0.4804872 0.5438752 0.4807815 0.5439929 0.4793689 0.5376363 0.4794278 0.5356352 0.481782 0.5371655 0.4821941 0.5371066 0.4807226 0.5371066 0.4807226 0.5438752 0.4807815 0.5376363 0.4794278 0.5352821 0.4803695 0.5371065 0.4783683 0.5336341 0.4806637 0.5352821 0.4803695 0.5356352 0.481782 0.5371066 0.4807226 0.6008358 0.5212588 0.6160187 0.5216054 0.6006237 0.520058 0.6160187 0.5216054 0.6081815 0.5065683 0.6059918 0.5097465 0.6059918 0.5097465 0.5919368 0.5100996 0.5955389 0.5153258 0.5919368 0.5100996 0.5927134 0.5129247 0.5955389 0.5153258 0.6160187 0.5216054 0.6059918 0.5097465 0.6006237 0.520058 0.5955389 0.5153258 0.5956799 0.5194931 0.6006237 0.520058 0.4355983 0.4365742 0.4379997 0.4367861 0.4377877 0.4344554 0.4318551 0.4361504 0.4335501 0.4367861 0.4334795 0.4350204 0.4351745 0.3885471 0.4389177 0.3847332 0.4302306 0.3844507 0.4389177 0.3847332 0.4371201 0.3755523 0.4303011 0.382261 0.5666466 0.4973393 0.5662348 0.4996935 0.5700605 0.499164 0.5725275 0.5095239 0.5725353 0.5075797 0.5676472 0.5081099 0.5372345 0.5130934 0.5316432 0.5129757 0.5328791 0.4897273 0.549224 0.4861573 0.5499303 0.4783882 0.5509191 0.486016 0.5499303 0.4783882 0.5790291 0.4783176 0.564621 0.4882055 0.5509191 0.486016 0.5499303 0.4783882 0.5607365 0.4885587 0.5795235 0.4795889 0.5859507 0.4795889 0.5860919 0.4803658 0.5790291 0.4783176 0.5795235 0.4795889 0.5782522 0.4803658 0.5499303 0.4783882 0.564621 0.4882055 0.5607365 0.4885587 0.5560044 0.49322 0.5550156 0.4932907 0.5509191 0.486016 0.5795235 0.4795889 0.5860919 0.4803658 0.5782522 0.4803658 0.5787466 0.4847447 0.5822074 0.484886 0.5823486 0.4872873 0.5790291 0.4783176 0.5782522 0.4803658 0.564621 0.4882055 0.5787466 0.4847447 0.5823486 0.4872873 0.573167 0.4871461 0.5782522 0.4803658 0.5787466 0.4847447 0.573167 0.4871461 0.5613721 0.4942089 0.5564988 0.4939264 0.5560044 0.49322 0.5782522 0.4803658 0.573167 0.4871461 0.564621 0.4882055 0.573167 0.4871461 0.5733788 0.4908893 0.5726019 0.4910306 0.5670223 0.4910306 0.5673755 0.4920194 0.5642678 0.4917369 0.573167 0.4871461 0.5726019 0.4910306 0.5670223 0.4910306 0.5613721 0.4942089 0.5560044 0.49322 0.5607365 0.4885587 0.5560044 0.49322 0.5509191 0.486016 0.5607365 0.4885587 0.573167 0.4871461 0.5670223 0.4910306 0.564621 0.4882055 0.4792712 0.4825498 0.4832986 0.4907269 0.4658292 0.4995039 0.4364333 0.4000473 0.4376537 0.4217714 0.4309412 0.420795 0.4885054 0.4563605 0.4584591 0.4359231 0.4857593 0.4287728 0.4584591 0.4359231 0.4583003 0.4316325 0.4857593 0.4287728 0.4583003 0.4316325 0.4541507 0.4311444 0.4574458 0.429802 0.4541507 0.4311444 0.4541507 0.4296798 0.4574458 0.429802 0.4834415 0.4066133 0.4840517 0.4116173 0.4819771 0.4108849 0.4840517 0.4116173 0.4857593 0.4287728 0.4759967 0.4116172 0.4819771 0.4108849 0.4840517 0.4116173 0.4759967 0.4116172 0.4819771 0.4108849 0.4820991 0.4064913 0.4834415 0.4066133 0.473922 0.4074676 0.4763631 0.4075896 0.4759967 0.4116172 0.4738 0.4122274 0.473922 0.4074676 0.4759967 0.4116172 0.4857593 0.4287728 0.4583003 0.4316325 0.4686739 0.4124715 0.4583003 0.4316325 0.4574458 0.429802 0.4570797 0.4245541 0.4570797 0.4245541 0.4537846 0.4240658 0.4534183 0.421503 0.4583003 0.4316325 0.4570797 0.4245541 0.4686739 0.4124715 0.4738 0.4122274 0.4759967 0.4116172 0.4857593 0.4287728 0.4659892 0.4081999 0.468308 0.4083219 0.4665994 0.4128376 0.468308 0.4083219 0.4686739 0.4124715 0.4665994 0.4128376 0.4686739 0.4124715 0.4738 0.4122274 0.4857593 0.4287728 0.4570797 0.4245541 0.4534183 0.421503 0.4587883 0.4140582 0.4534183 0.421503 0.4529302 0.4134479 0.4587883 0.4140582 0.4587883 0.4140582 0.4580563 0.4095423 0.4611074 0.413936 0.4580563 0.4095423 0.4611073 0.4091763 0.4611074 0.413936 0.4570797 0.4245541 0.4587883 0.4140582 0.4611074 0.413936 0.4570797 0.4245541 0.4611074 0.413936 0.4665994 0.4128376 0.4584591 0.4359231 0.4885054 0.4563605 0.4585443 0.438223 0.4885054 0.4563605 0.4891619 0.4629563 0.481733 0.4632423 0.4891619 0.4629563 0.4892997 0.4643407 0.481733 0.4632423 0.481733 0.4632423 0.4700166 0.4565298 0.4885054 0.4563605 0.4700166 0.4565298 0.4647686 0.451648 0.4885054 0.4563605 0.4857593 0.4287728 0.4840517 0.4116173 0.487469 0.4260184 0.4840517 0.4116173 0.4861266 0.411495 0.487469 0.4260184 0.4218551 0.38135 0.4088639 0.3828571 0.4220309 0.3778352 0.4088639 0.3828571 0.4032668 0.3776159 0.4220309 0.3778352 0.4431666 0.3746375 0.4371201 0.3755523 0.4462838 0.3704538 0.4371201 0.3755523 0.4220309 0.3778352 0.4462838 0.3704538 0.4967222 0.4279224 0.4857593 0.4287728 0.4927177 0.4255297 0.4857593 0.4287728 0.487469 0.4260184 0.4927177 0.4255297 0.4927177 0.4255297 0.4906427 0.4075894 0.4967222 0.4279224 0.4906427 0.4075894 0.48979 0.3985566 0.4949682 0.3950557 0.4967222 0.4279224 0.4906427 0.4075894 0.4949682 0.3950557 0.4220309 0.3778352 0.4032668 0.3776159 0.4462838 0.3704538 0.4431666 0.3746375 0.4462838 0.3704538 0.4497985 0.3987488 0.4465839 0.4017315 0.4431666 0.3746375 0.4497985 0.3987488 0.48979 0.3985566 0.4465839 0.4017315 0.4497985 0.3987488 0.4479275 0.477702 0.4489954 0.4792624 0.4346845 0.494354 0.460519 0.5179039 0.462628 0.5161465 0.4687791 0.5222975 0.4316969 0.4947054 0.4479275 0.477702 0.4346845 0.494354 0.460519 0.5179039 0.4687791 0.5222975 0.4642097 0.5265154 0.4316969 0.4947054 0.4346845 0.494354 0.460519 0.5179039 0.4032668 0.3776159 0.4088639 0.3828571 0.4076201 0.3906649 0.4088639 0.3828571 0.4099043 0.3896099 0.4076201 0.3906649 0.4489954 0.4792624 0.4479275 0.477702 0.4538407 0.4715072 0.4032668 0.3776159 0.4076201 0.3906649 0.4063895 0.4288012 0.4076201 0.3906649 0.410959 0.4280982 0.4063895 0.4288012 0.4582344 0.4701012 0.4489954 0.4792624 0.4538407 0.4715072 0.410959 0.4280982 0.4582344 0.4701012 0.4538407 0.4715072 0.4960067 0.4614629 0.493972 0.4600788 0.4959598 0.4576517 0.493972 0.4600788 0.4941092 0.4565485 0.4959598 0.4576517 0.54561 0.4626152 0.5451217 0.4639578 0.5375032 0.4611252 0.5451217 0.4639578 0.5368229 0.4640796 0.5375032 0.4611252 0.5539088 0.4661548 0.5504914 0.4661547 0.554153 0.4638358 0.5504914 0.4661547 0.5498815 0.4624931 0.554153 0.4638358 0.5642699 0.4615832 0.5621163 0.4638645 0.5587907 0.4610287 0.5621163 0.4638645 0.554153 0.4638358 0.5574557 0.4617888 0.5587907 0.4610287 0.5621163 0.4638645 0.5574557 0.4617888 0.5946988 0.4293488 0.5936662 0.4304426 0.5925971 0.4295411 0.5586565 0.4273223 0.5922755 0.4268988 0.559523 0.4292971 0.5922755 0.4268988 0.5946988 0.4293488 0.5925971 0.4295411 0.5922755 0.4268988 0.5925971 0.4295411 0.559523 0.4292971 0.5574557 0.4617888 0.5586565 0.4273223 0.559523 0.4292971 0.4980783 0.4574825 0.4959598 0.4576517 0.4970759 0.4565483 0.4959598 0.4576517 0.4941092 0.4565485 0.4970759 0.4565483 0.4979925 0.4467198 0.4980783 0.4574825 0.4970759 0.4565483 0.5574557 0.4617888 0.559523 0.4292971 0.5587907 0.4610287 0.4979925 0.4467198 0.4970759 0.4565483 0.4972441 0.4446839 0.5574557 0.4617888 0.554153 0.4638358 0.5498815 0.4624931 0.5375032 0.4611252 0.5574557 0.4617888 0.5498815 0.4624931 0.5375032 0.4611252 0.5498815 0.4624931 0.54561 0.4626152 0.4979925 0.4467198 0.4972441 0.4446839 0.5052825 0.4465492 0.4972441 0.4446839 0.5072461 0.4442592 0.5052825 0.4465492 0.5052825 0.4465492 0.5072461 0.4442592 0.5070769 0.4633286 0.5056213 0.4646869 0.5052825 0.4465492 0.5070769 0.4633286 0.5375032 0.4611252 0.5368229 0.4640796 0.5351138 0.4583438 0.5056213 0.4646869 0.5070769 0.4633286 0.5301295 0.4629051 0.5352151 0.455955 0.5375032 0.4611252 0.5351138 0.4583438 0.5319797 0.4640086 0.5056213 0.4646869 0.5301295 0.4629051 0.5352151 0.455955 0.5351138 0.4583438 0.5318188 0.4583438 0.5318188 0.4583438 0.5319797 0.4640086 0.5301295 0.4629051 0.5306379 0.456379 0.5352151 0.455955 0.5318188 0.4583438 0.5936662 0.4304426 0.5642699 0.4615832 0.5925971 0.4295411 0.5642699 0.4615832 0.5587907 0.4610287 0.559523 0.4292971 0.6135914 0.4484509 0.6128624 0.449297 0.6122403 0.4482913 0.6122403 0.4482913 0.6107672 0.4483911 0.5972812 0.4334296 0.5957605 0.4592286 0.6026042 0.4590768 0.6022512 0.4616119 0.6135914 0.4484509 0.6122403 0.4482913 0.5972812 0.4334296 0.5957605 0.4592286 0.6022512 0.4616119 0.6000502 0.4641662 0.5946988 0.4293488 0.6135914 0.4484509 0.5972812 0.4334296 0.5957605 0.4592286 0.6000502 0.4641662 0.5919873 0.4634693 0.5936662 0.4304426 0.5946988 0.4293488 0.5965031 0.4328358 0.5946988 0.4293488 0.5972812 0.4334296 0.5965031 0.4328358 0.5957605 0.4592286 0.5919873 0.4634693 0.5922316 0.4578549 0.595404 0.4584659 0.5965031 0.4328358 0.5972812 0.4334296 0.5957605 0.4592286 0.5922316 0.4578549 0.595404 0.4584659 0.6128624 0.449297 0.6022512 0.4616119 0.6026042 0.4590768 0.6026042 0.4590768 0.5957605 0.4592286 0.6107672 0.4483911 0.5957605 0.4592286 0.5972812 0.4334296 0.6107672 0.4483911 0.6107672 0.4483911 0.6122403 0.4482913 0.6128624 0.449297 0.6128624 0.449297 0.6135914 0.4484509 0.6139081 0.4509886 0.6135914 0.4484509 0.6281318 0.4631523 0.6178319 0.4541767 0.6281318 0.4631523 0.6268076 0.4644276 0.6178319 0.4541767 0.6178319 0.4541767 0.6082186 0.4639371 0.6087581 0.4610433 0.6082186 0.4639371 0.6059624 0.4640842 0.6074339 0.4626619 0.6059624 0.4640842 0.6059134 0.4626128 0.6074339 0.4626619 0.6087581 0.4610433 0.6066981 0.4587381 0.6139081 0.4509886 0.6082186 0.4639371 0.6074339 0.4626619 0.6087581 0.4610433 0.6135914 0.4484509 0.6178319 0.4541767 0.6139081 0.4509886 0.493972 0.4600788 0.4960067 0.4614629 0.4938552 0.4630742 0.4960067 0.4614629 0.4960444 0.464517 0.4938552 0.4630742 0.4960444 0.464517 0.4892997 0.4643407 0.4938552 0.4630742 0.4687791 0.5222975 0.4722539 0.5178294 0.4766594 0.5213693 0.4722539 0.5178294 0.4755593 0.5177447 0.4766594 0.5213693 0.4755593 0.5177447 0.4764068 0.5136764 0.4788647 0.5182532 0.4764068 0.5136764 0.4783561 0.513507 0.4788647 0.5182532 0.4642097 0.5265154 0.4687791 0.5222975 0.4661147 0.5298637 0.4766594 0.5213693 0.4661147 0.5298637 0.4687791 0.5222975 0.4935297 0.5478904 0.4902796 0.5461201 0.4935271 0.5452048 0.4902796 0.5461201 0.4908655 0.5199047 0.4935271 0.5452048 0.4766594 0.5213693 0.4755593 0.5177447 0.4788647 0.5182532 0.4766594 0.5213693 0.4788647 0.5182532 0.4908655 0.5199047 0.4788647 0.5182532 0.4901369 0.5165581 0.4908655 0.5199047 0.4907302 0.5118966 0.4856449 0.5035058 0.4918319 0.5048621 0.4856449 0.5035058 0.4894589 0.5029975 0.4918319 0.5048621 0.4908655 0.5199047 0.4901369 0.5165581 0.4959001 0.5057095 0.4901369 0.5165581 0.4907302 0.5118966 0.4959001 0.5057095 0.4935271 0.5452048 0.4955104 0.5460759 0.4935297 0.5478904 0.4918319 0.5048621 0.4959001 0.5057095 0.4907302 0.5118966 0.4959001 0.5057095 0.4935271 0.5452048 0.4908655 0.5199047 0.4902217 0.4985903 0.4920015 0.4985054 0.4894589 0.5029975 0.6268076 0.4644276 0.6281318 0.4631523 0.6295577 0.4655702 0.6268076 0.4644276 0.6295577 0.4655702 0.6207705 0.4665954 0.6014384 0.4784581 0.6031957 0.4802156 0.6020241 0.4809479 0.5933835 0.4887099 0.5920655 0.4791904 0.5977772 0.4863667 0.5920655 0.4791904 0.6014384 0.4784581 0.5999739 0.4829983 0.5968983 0.4973507 0.5955802 0.4944216 0.5999738 0.4939823 0.5955802 0.4944216 0.5966054 0.4926642 0.5999738 0.4939823 0.5920655 0.4791904 0.5999739 0.4829983 0.5977772 0.4863667 0.6014384 0.4784581 0.6020241 0.4809479 0.5999739 0.4829983 0.6015849 0.502916 0.6034888 0.5020372 0.6027566 0.5051129 0.6034888 0.5020372 0.6062713 0.5021837 0.6027566 0.5051129 0.5999738 0.4939823 0.5966054 0.4926642 0.5977772 0.4863667 0.5966054 0.4926642 0.5933835 0.4887099 0.5977772 0.4863667 0.6156443 0.5052592 0.6027566 0.5051129 0.609054 0.5026231 0.6027566 0.5051129 0.6062713 0.5021837 0.609054 0.5026231 0.6162303 0.4655701 0.6268076 0.4644276 0.6207705 0.4665954 0.6162303 0.4655701 0.6207705 0.4665954 0.6234064 0.4727464 0.6207705 0.4665954 0.6254569 0.4702568 0.6234064 0.4727464 0.5718547 0.5344037 0.5673146 0.532207 0.5728798 0.5319139 0.5724404 0.5396761 0.5718547 0.5344037 0.5753696 0.5402619 0.5718547 0.5344037 0.5728798 0.5319139 0.575516 0.5303029 0.5753696 0.5402619 0.5718547 0.5344037 0.575516 0.5303029 0.5977772 0.4863667 0.607736 0.4974972 0.5999738 0.4939823 0.607736 0.4974972 0.609054 0.5026231 0.6062713 0.5021837 0.5999738 0.4939823 0.607736 0.4974972 0.6062713 0.5021837 0.5882575 0.5263487 0.5851821 0.530303 0.5843033 0.5267881 0.5851821 0.530303 0.575516 0.5303029 0.5843033 0.5267881 0.5082935 0.5559326 0.4935297 0.5478904 0.4955104 0.5460759 0.5082935 0.5559326 0.4955104 0.5460759 0.5116645 0.5531716 0.6234064 0.4727464 0.6254569 0.4702568 0.6330724 0.4737716 0.6254569 0.4702568 0.6370269 0.4717212 0.6330724 0.4737716 0.5586739 0.5552003 0.5082935 0.5559326 0.5318726 0.5531498 0.5082935 0.5559326 0.5116645 0.5531716 0.5287969 0.5528568 0.5318726 0.5531498 0.5082935 0.5559326 0.5287969 0.5528568 0.5287969 0.5528568 0.5298224 0.5505138 0.5318726 0.5531498 0.5298224 0.5505138 0.5323119 0.5510994 0.5318726 0.5531498 0.6330724 0.4737716 0.6370269 0.4717212 0.6112508 0.4957396 0.6131547 0.4914926 0.6330724 0.4737716 0.6112508 0.4957396 0.6131547 0.4914926 0.6112508 0.4957396 0.5999739 0.4829983 0.5553054 0.5314748 0.5611634 0.5319138 0.5552201 0.5328438 0.5611634 0.5319138 0.5624815 0.5393831 0.5551594 0.5338183 0.5551594 0.5338183 0.5552201 0.5328438 0.5611634 0.5319138 0.5531085 0.5427514 0.552815 0.5338172 0.5551594 0.5338183 0.5550125 0.5446555 0.5531085 0.5427514 0.5601329 0.5423066 0.5531085 0.5427514 0.5551594 0.5338183 0.5601329 0.5423066 0.5551594 0.5338183 0.5624815 0.5393831 0.5601329 0.5423066 0.5491543 0.5528569 0.5491543 0.5509531 0.5555983 0.5505138 0.6020241 0.4809479 0.6131547 0.4914926 0.5999739 0.4829983 0.5586739 0.5552003 0.5318726 0.5531498 0.5491543 0.5528569 0.5586739 0.5552003 0.5491543 0.5528569 0.5555983 0.5505138 0.6156443 0.5052592 0.609054 0.5026231 0.6176949 0.5032089 0.5601329 0.5423066 0.5586739 0.5552003 0.5555983 0.5505138 0.615684 0.5069915 0.6156443 0.5052592 0.6176949 0.5032089 0.5601329 0.5423066 0.5555983 0.5505138 0.5550125 0.5446555 0.6160187 0.5216054 0.615684 0.5069915 0.6176949 0.5032089 0.5601329 0.5423066 0.5624815 0.5393831 0.5724404 0.5396761 0.6160187 0.5216054 0.6176949 0.5032089 0.6172556 0.5291314 0.6160838 0.5244447 0.6160187 0.5216054 0.6172556 0.5291314 0.6160838 0.5244447 0.6172556 0.5291314 0.5882575 0.5263487 0.5753696 0.5402619 0.5601329 0.5423066 0.5724404 0.5396761 0.5856212 0.522248 0.6160838 0.5244447 0.5882575 0.5263487 0.575516 0.5303029 0.5728798 0.5319139 0.5728798 0.5267881 0.5843033 0.5267881 0.5856212 0.522248 0.5882575 0.5263487 0.5726019 0.4910306 0.5733788 0.4908893 0.5725353 0.5075797 0.5733788 0.4908893 0.5735815 0.5222321 0.5725353 0.5075797 0.545528 0.5221472 0.5447652 0.5096036 0.5466281 0.5174133 0.5447652 0.5096036 0.5467991 0.509434 0.5466595 0.5159438 0.5466281 0.5174133 0.5447652 0.5096036 0.5466595 0.5159438 0.5724794 0.5214689 0.5725275 0.5095239 0.5735815 0.5222321 0.5725275 0.5095239 0.5725353 0.5075797 0.5735815 0.5222321 0.545528 0.5221472 0.5466281 0.5174133 0.5465448 0.5212997 0.545528 0.5221472 0.5465448 0.5212997 0.5724794 0.5214689 0.5551594 0.5338183 0.552815 0.5338172 0.5552201 0.5328438 0.552815 0.5338172 0.5414596 0.5334192 0.5414596 0.5324872 0.5350183 0.5479124 0.5347641 0.545539 0.5384933 0.5452002 0.5347641 0.545539 0.5350107 0.5401706 0.5353574 0.5420641 0.5391714 0.5424035 0.5531085 0.5427514 0.5384933 0.5452002 0.5531085 0.5427514 0.5550125 0.5446555 0.5388321 0.5478274 0.5384933 0.5452002 0.5531085 0.5427514 0.5388321 0.5478274 0.5347641 0.545539 0.5353574 0.5420641 0.5384933 0.5452002 0.5353574 0.5420641 0.5350107 0.5401706 0.5387872 0.5400235 0.4961494 0.4904678 0.4949089 0.4904928 0.4949651 0.4813112 0.4949651 0.4813112 0.4933173 0.4801341 0.4937881 0.4796044 0.5215093 0.4788096 0.5281628 0.4833354 0.5256295 0.4834888 0.5250998 0.4860786 0.5251421 0.4898833 0.5220394 0.4881975 0.5251421 0.4898833 0.5221065 0.4899445 0.5220394 0.4881975 0.5215093 0.4788096 0.5256295 0.4834888 0.5210388 0.4810758 0.5256295 0.4834888 0.5250998 0.4860786 0.5232164 0.4856666 0.4961424 0.4802518 0.4961494 0.4904678 0.4949651 0.4813112 0.5109742 0.4835478 0.5078549 0.4831947 0.5080315 0.4799575 0.4961424 0.4802518 0.4949651 0.4813112 0.4937881 0.4796044 0.5116806 0.4797222 0.5109742 0.4835478 0.5080315 0.4799575 0.5080315 0.4799575 0.4961424 0.4802518 0.4937881 0.4796044 0.5250998 0.4860786 0.5220394 0.4881975 0.5232164 0.4856666 0.5080315 0.4799575 0.4937881 0.4796044 0.5116806 0.4797222 0.4937881 0.4796044 0.5215093 0.4788096 0.5116806 0.4797222 0.5198615 0.4800163 0.5160947 0.4800162 0.5215093 0.4788096 0.5160947 0.4800162 0.5116806 0.4797222 0.5215093 0.4788096 0.5256295 0.4834888 0.5232164 0.4856666 0.5210388 0.4810758 0.5080315 0.4799575 0.5080315 0.4799575 0.4961424 0.4802518 0.5251421 0.4898833 0.5251588 0.4913758 0.522157 0.491258 0.4949089 0.4904928 0.4961494 0.4904678 0.4961498 0.4911602 0.4961498 0.4911602 0.4972399 0.491024 0.4970355 0.4920117 0.4961498 0.4911602 0.4970355 0.4920117 0.4962521 0.4922842 0.4959001 0.5057095 0.4949089 0.4904928 0.4963201 0.5034562 0.4949089 0.4904928 0.4961498 0.4911602 0.4962521 0.4922842 0.502481 0.5047633 0.5020397 0.5056455 0.4987385 0.5048867 0.5020397 0.5056455 0.4959001 0.5057095 0.4987385 0.5048867 0.4963201 0.5034562 0.4977507 0.503456 0.4959001 0.5057095 0.4977507 0.503456 0.4987385 0.5048867 0.4959001 0.5057095 0.5281628 0.4833354 0.5215093 0.4788096 0.5286902 0.4786038 0.5286902 0.4786038 0.5371065 0.4783683 0.5336341 0.4806637 0.5371065 0.4783683 0.5376363 0.4794278 0.5352821 0.4803695 0.5376363 0.4794278 0.5439929 0.4793689 0.5438752 0.4807815 0.5371066 0.4807226 0.5371655 0.4821941 0.5356352 0.481782 0.5376363 0.4794278 0.5438752 0.4807815 0.5371066 0.4807226 0.5295141 0.4832535 0.5281628 0.4833354 0.5303381 0.4804872 0.5281628 0.4833354 0.5286902 0.4786038 0.5303381 0.4804872 0.533693 0.4830181 0.5318096 0.4832535 0.5336341 0.4806637 0.5318096 0.4832535 0.5303381 0.4804872 0.5336341 0.4806637 0.5371065 0.4783683 0.5352821 0.4803695 0.5336341 0.4806637 0.5376363 0.4794278 0.5371066 0.4807226 0.5352821 0.4803695 0.5371066 0.4807226 0.5356352 0.481782 0.5352821 0.4803695 0.6081815 0.5065683 0.6160187 0.5216054 0.6059918 0.5097465 0.6160187 0.5216054 0.6008358 0.5212588 0.6006237 0.520058 0.6006237 0.520058 0.5956799 0.5194931 0.5955389 0.5153258 0.6160187 0.5216054 0.6006237 0.520058 0.6059918 0.5097465 0.5927134 0.5129247 0.5919368 0.5100996 0.5955389 0.5153258 0.5919368 0.5100996 0.6059918 0.5097465 0.5955389 0.5153258 0.4355983 0.4365742 0.4353158 0.4343847 0.4377877 0.4344554 0.4318551 0.4361504 0.4320669 0.4350203 0.4334795 0.4350204 0.4371201 0.3755523 0.4389177 0.3847332 0.4303011 0.382261 0.4389177 0.3847332 0.4351745 0.3885471 0.4302306 0.3844507 0.5666466 0.4973393 0.5696485 0.4966918 0.5700605 0.499164 0.5725275 0.5095239 0.5675293 0.5104053 0.5676472 0.5081099 0.5211567 0.5041478 0.5206856 0.5003808 0.5206856 0.5003808 0.5116645 0.5531716 0.5287969 0.5528568 0.5287969 0.5528568 0.4316969 0.4947054 0.4316969 0.4947054 0.4642097 0.5265154 0.5231575 0.496967 0.5231575 0.496967 0.5206856 0.5003808 0.5287969 0.5528568 0.5298224 0.5505138 0.5298224 0.5505138 0.4316969 0.4947054 0.4479275 0.477702 0.4479275 0.477702 0.5231575 0.496967 0.5228633 0.4949071 0.5228633 0.4949071 0.5298224 0.5505138 0.5323119 0.5510994 0.5323119 0.5510994 0.4099043 0.3896099 0.4099043 0.3896099 0.4088639 0.3828571 0.5228633 0.4949071 0.5252764 0.494495 0.5252764 0.494495 0.5318726 0.5531498 0.5318726 0.5531498 0.5323119 0.5510994 0.4076201 0.3906649 0.4076201 0.3906649 0.4099043 0.3896099 0.5253354 0.4970849 0.5253354 0.4970849 0.5252764 0.494495 0.5318726 0.5531498 0.5491543 0.5528569 0.5491543 0.5528569 0.410959 0.4280982 0.410959 0.4280982 0.4076201 0.3906649 0.5277484 0.4974969 0.5277484 0.4974969 0.5253354 0.4970849 0.5491543 0.5509531 0.5491543 0.5509531 0.5491543 0.5528569 0.4582344 0.4701012 0.4582344 0.4701012 0.410959 0.4280982 0.528337 0.499086 0.528337 0.499086 0.5277484 0.4974969 0.5491543 0.5509531 0.5555983 0.5505138 0.5555983 0.5505138 0.4489954 0.4792624 0.4489954 0.4792624 0.4582344 0.4701012 0.5257472 0.4997923 0.5257472 0.4997923 0.528337 0.499086 0.5555983 0.5505138 0.5550125 0.5446555 0.5550125 0.5446555 0.4479275 0.477702 0.4538407 0.4715072 0.4538407 0.4715072 0.5250411 0.5013813 0.5250411 0.5013813 0.5257472 0.4997923 0.4063895 0.4288012 0.4063895 0.4288012 0.4538407 0.4715072 0.5269832 0.5019699 0.5269832 0.5019699 0.5250411 0.5013813 0.5531085 0.5427514 0.552815 0.5338172 0.552815 0.5338172 0.4063895 0.4288012 0.4032668 0.3776159 0.4032668 0.3776159 0.5255707 0.503971 0.5255707 0.503971 0.5269832 0.5019699 0.4891619 0.4629563 0.4891619 0.4629563 0.4885054 0.4563605 0.5266889 0.5047951 0.5266889 0.5047951 0.5255707 0.503971 0.5553054 0.5314748 0.5553054 0.5314748 0.5552201 0.5328438 0.5266887 0.5092093 0.5266887 0.5092093 0.5266889 0.5047951 0.5553054 0.5314748 0.5611634 0.5319138 0.5611634 0.5319138 0.6022512 0.4616119 0.6022512 0.4616119 0.6128624 0.449297 0.5247467 0.5085029 0.5247467 0.5085029 0.5266887 0.5092093 0.5624815 0.5393831 0.5624815 0.5393831 0.5611634 0.5319138 0.5230987 0.5096213 0.5230987 0.5096213 0.5247467 0.5085029 0.5624815 0.5393831 0.5724404 0.5396761 0.5724404 0.5396761 0.5328791 0.4897273 0.5376465 0.4897862 0.5376465 0.4897862 0.5216861 0.5090915 0.5216861 0.5090915 0.5230987 0.5096213 0.5724404 0.5396761 0.5718547 0.5344037 0.5718547 0.5344037 0.5642699 0.4615832 0.5642699 0.4615832 0.5936662 0.4304426 0.5316432 0.5129757 0.5328791 0.4897273 0.5328791 0.4897273 0.5216861 0.5090915 0.5213918 0.5054424 0.5213918 0.5054424 0.5673146 0.532207 0.5673146 0.532207 0.5718547 0.5344037 0.5316432 0.5129757 0.5316432 0.5129757 0.5372345 0.5130934 0.4959001 0.5057095 0.4959001 0.5057095 0.5020397 0.5056455 0.5728798 0.5319139 0.5728798 0.5319139 0.5673146 0.532207 0.5372345 0.5130934 0.5372345 0.5130934 0.5376465 0.4897862 0.4959001 0.5057095 0.4949089 0.4904928 0.4949089 0.4904928 0.5728798 0.5319139 0.5728798 0.5267881 0.5728798 0.5267881 0.4960067 0.4614629 0.4960067 0.4614629 0.4959598 0.4576517 0.5795235 0.4795889 0.5859507 0.4795889 0.5859507 0.4795889 0.5251588 0.4913758 0.5251588 0.4913758 0.5251421 0.4898833 0.5728798 0.5267881 0.5843033 0.5267881 0.5843033 0.5267881 0.4959598 0.4576517 0.4959598 0.4576517 0.4980783 0.4574825 0.5795235 0.4795889 0.5795235 0.4795889 0.5790291 0.4783176 0.522157 0.491258 0.522157 0.491258 0.5251588 0.4913758 0.5843033 0.5267881 0.5856212 0.522248 0.5856212 0.522248 0.4980783 0.4574825 0.4980783 0.4574825 0.4979925 0.4467198 0.5499303 0.4783882 0.5790291 0.4783176 0.5790291 0.4783176 0.522157 0.491258 0.5221065 0.4899445 0.5221065 0.4899445 0.5856212 0.522248 0.6160838 0.5244447 0.6160838 0.5244447 0.4979925 0.4467198 0.4979925 0.4467198 0.5052825 0.4465492 0.549224 0.4861573 0.5499303 0.4783882 0.5499303 0.4783882 0.4961498 0.4911602 0.4961498 0.4911602 0.4961494 0.4904678 0.615684 0.5069915 0.6156443 0.5052592 0.6156443 0.5052592 0.5056213 0.4646869 0.5052825 0.4465492 0.5052825 0.4465492 0.549224 0.4861573 0.549224 0.4861573 0.5509191 0.486016 0.4972399 0.491024 0.4972399 0.491024 0.4961498 0.4911602 0.6027566 0.5051129 0.6027566 0.5051129 0.6156443 0.5052592 0.5056213 0.4646869 0.5056213 0.4646869 0.5319797 0.4640086 0.5550156 0.4932907 0.5509191 0.486016 0.5509191 0.486016 0.4970355 0.4920117 0.4970355 0.4920117 0.4972399 0.491024 0.6015849 0.502916 0.6015849 0.502916 0.6027566 0.5051129 0.5319797 0.4640086 0.5319797 0.4640086 0.5318188 0.4583438 0.5550156 0.4932907 0.5550156 0.4932907 0.5560044 0.49322 0.4962521 0.4922842 0.4962521 0.4922842 0.4970355 0.4920117 0.6015849 0.502916 0.6034888 0.5020372 0.6034888 0.5020372 0.5318188 0.4583438 0.5318188 0.4583438 0.5351138 0.4583438 0.5560044 0.49322 0.5560044 0.49322 0.5564988 0.4939264 0.4963201 0.5034562 0.4963201 0.5034562 0.4962521 0.4922842 0.6034888 0.5020372 0.6062713 0.5021837 0.6062713 0.5021837 0.5368229 0.4640796 0.5351138 0.4583438 0.5351138 0.4583438 0.5564988 0.4939264 0.5564988 0.4939264 0.5613721 0.4942089 0.4977507 0.503456 0.4977507 0.503456 0.4963201 0.5034562 0.5999738 0.4939823 0.5999738 0.4939823 0.6062713 0.5021837 0.5368229 0.4640796 0.5368229 0.4640796 0.5451217 0.4639578 0.5613721 0.4942089 0.5613721 0.4942089 0.5607365 0.4885587 0.4987385 0.5048867 0.4987385 0.5048867 0.4977507 0.503456 0.5968983 0.4973507 0.5968983 0.4973507 0.5999738 0.4939823 0.5451217 0.4639578 0.5451217 0.4639578 0.54561 0.4626152 0.5607365 0.4885587 0.5607365 0.4885587 0.564621 0.4882055 0.5055642 0.5046616 0.5211567 0.5041478 0.5211567 0.5041478 0.5955802 0.4944216 0.5955802 0.4944216 0.5968983 0.4973507 0.54561 0.4626152 0.54561 0.4626152 0.5498815 0.4624931 0.5642678 0.4917369 0.564621 0.4882055 0.564621 0.4882055 0.5215093 0.4788096 0.5286902 0.4786038 0.5286902 0.4786038 0.5955802 0.4944216 0.5966054 0.4926642 0.5966054 0.4926642 0.5504914 0.4661547 0.5498815 0.4624931 0.5498815 0.4624931 0.5642678 0.4917369 0.5642678 0.4917369 0.5673755 0.4920194 0.5286902 0.4786038 0.5371065 0.4783683 0.5371065 0.4783683 0.5933835 0.4887099 0.5933835 0.4887099 0.5966054 0.4926642 0.5504914 0.4661547 0.5504914 0.4661547 0.5539088 0.4661548 0.5673755 0.4920194 0.5673755 0.4920194 0.5670223 0.4910306 0.5376363 0.4794278 0.5376363 0.4794278 0.5371065 0.4783683 0.5933835 0.4887099 0.5920655 0.4791904 0.5920655 0.4791904 0.5539088 0.4661548 0.5539088 0.4661548 0.554153 0.4638358 0.5670223 0.4910306 0.5670223 0.4910306 0.5726019 0.4910306 0.5376363 0.4794278 0.5439929 0.4793689 0.5439929 0.4793689 0.5920655 0.4791904 0.6014384 0.4784581 0.6014384 0.4784581 0.554153 0.4638358 0.554153 0.4638358 0.5621163 0.4638645 0.5438752 0.4807815 0.5438752 0.4807815 0.5439929 0.4793689 0.6031957 0.4802156 0.6031957 0.4802156 0.6014384 0.4784581 0.5733788 0.4908893 0.5733788 0.4908893 0.573167 0.4871461 0.5371066 0.4807226 0.5371066 0.4807226 0.5438752 0.4807815 0.6020241 0.4809479 0.6020241 0.4809479 0.6031957 0.4802156 0.573167 0.4871461 0.573167 0.4871461 0.5823486 0.4872873 0.5371655 0.4821941 0.5371655 0.4821941 0.5371066 0.4807226 0.6131547 0.4914926 0.6131547 0.4914926 0.6020241 0.4809479 0.5823486 0.4872873 0.5823486 0.4872873 0.5822074 0.484886 0.5356352 0.481782 0.5356352 0.481782 0.5371655 0.4821941 0.6131547 0.4914926 0.6330724 0.4737716 0.6330724 0.4737716 0.5787466 0.4847447 0.5822074 0.484886 0.5822074 0.484886 0.5352821 0.4803695 0.5352821 0.4803695 0.5356352 0.481782 0.6234064 0.4727464 0.6234064 0.4727464 0.6330724 0.4737716 0.5946988 0.4293488 0.5946988 0.4293488 0.5922755 0.4268988 0.5787466 0.4847447 0.5787466 0.4847447 0.5782522 0.4803658 0.5336341 0.4806637 0.5336341 0.4806637 0.5352821 0.4803695 0.6162303 0.4655701 0.6162303 0.4655701 0.6234064 0.4727464 0.5586565 0.4273223 0.5922755 0.4268988 0.5922755 0.4268988 0.5782522 0.4803658 0.5782522 0.4803658 0.5860919 0.4803658 0.533693 0.4830181 0.533693 0.4830181 0.5336341 0.4806637 0.6162303 0.4655701 0.6268076 0.4644276 0.6268076 0.4644276 0.5574557 0.4617888 0.5586565 0.4273223 0.5586565 0.4273223 0.5860919 0.4803658 0.5860919 0.4803658 0.5859507 0.4795889 0.5318096 0.4832535 0.5318096 0.4832535 0.533693 0.4830181 0.6295577 0.4655702 0.6295577 0.4655702 0.6281318 0.4631523 0.5375032 0.4611252 0.5574557 0.4617888 0.5574557 0.4617888 0.4832986 0.4907269 0.4832986 0.4907269 0.4792712 0.4825498 0.5303381 0.4804872 0.5303381 0.4804872 0.5318096 0.4832535 0.6207705 0.4665954 0.6207705 0.4665954 0.6295577 0.4655702 0.5375032 0.4611252 0.5375032 0.4611252 0.5352151 0.455955 0.4611915 0.4909607 0.4792712 0.4825498 0.4792712 0.4825498 0.5295141 0.4832535 0.5295141 0.4832535 0.5303381 0.4804872 0.6254569 0.4702568 0.6254569 0.4702568 0.6207705 0.4665954 0.5306379 0.456379 0.5352151 0.455955 0.5352151 0.455955 0.4658292 0.4995039 0.4611915 0.4909607 0.4611915 0.4909607 0.5281628 0.4833354 0.5281628 0.4833354 0.5295141 0.4832535 0.6254569 0.4702568 0.6370269 0.4717212 0.6370269 0.4717212 0.5301295 0.4629051 0.5306379 0.456379 0.5306379 0.456379 0.4658292 0.4995039 0.4658292 0.4995039 0.4832986 0.4907269 0.6160187 0.5216054 0.6160187 0.5216054 0.6160838 0.5244447 0.6112508 0.4957396 0.6112508 0.4957396 0.6370269 0.4717212 0.5070769 0.4633286 0.5301295 0.4629051 0.5301295 0.4629051 0.4281342 0.4009016 0.4364333 0.4000473 0.4364333 0.4000473 0.6112508 0.4957396 0.5999739 0.4829983 0.5999739 0.4829983 0.5070769 0.4633286 0.5070769 0.4633286 0.5072461 0.4442592 0.4309412 0.420795 0.4281342 0.4009016 0.4281342 0.4009016 0.5919368 0.5100996 0.5919368 0.5100996 0.5927134 0.5129247 0.5977772 0.4863667 0.5977772 0.4863667 0.5999739 0.4829983 0.4972441 0.4446839 0.5072461 0.4442592 0.5072461 0.4442592 0.4309412 0.420795 0.4309412 0.420795 0.4376537 0.4217714 0.5927134 0.5129247 0.5927134 0.5129247 0.5955389 0.5153258 0.607736 0.4974972 0.607736 0.4974972 0.5977772 0.4863667 0.4970759 0.4565483 0.4972441 0.4446839 0.4972441 0.4446839 0.4376537 0.4217714 0.4376537 0.4217714 0.4364333 0.4000473 0.5955389 0.5153258 0.5955389 0.5153258 0.5956799 0.5194931 0.609054 0.5026231 0.609054 0.5026231 0.607736 0.4974972 0.4970759 0.4565483 0.4970759 0.4565483 0.4941092 0.4565485 0.5956799 0.5194931 0.5956799 0.5194931 0.6006237 0.520058 0.609054 0.5026231 0.6176949 0.5032089 0.6176949 0.5032089 0.493972 0.4600788 0.4941092 0.4565485 0.4941092 0.4565485 0.4583003 0.4316325 0.4583003 0.4316325 0.4584591 0.4359231 0.6006237 0.520058 0.6006237 0.520058 0.6008358 0.5212588 0.6172556 0.5291314 0.6172556 0.5291314 0.6176949 0.5032089 0.5621163 0.4638645 0.5621163 0.4638645 0.5877161 0.463957 0.4541507 0.4311444 0.4541507 0.4311444 0.4583003 0.4316325 0.6008358 0.5212588 0.6008358 0.5212588 0.6160187 0.5216054 0.5882575 0.5263487 0.5882575 0.5263487 0.6172556 0.5291314 0.5642699 0.4615832 0.5877161 0.463957 0.5877161 0.463957 0.4541507 0.4296798 0.4541507 0.4296798 0.4541507 0.4311444 0.5851821 0.530303 0.5851821 0.530303 0.5882575 0.5263487 0.5936662 0.4304426 0.5936662 0.4304426 0.5965031 0.4328358 0.4574458 0.429802 0.4574458 0.429802 0.4541507 0.4296798 0.6081815 0.5065683 0.615684 0.5069915 0.615684 0.5069915 0.575516 0.5303029 0.575516 0.5303029 0.5851821 0.530303 0.595404 0.4584659 0.5965031 0.4328358 0.5965031 0.4328358 0.4574458 0.429802 0.4570797 0.4245541 0.4570797 0.4245541 0.6059918 0.5097465 0.6081815 0.5065683 0.6081815 0.5065683 0.5753696 0.5402619 0.5753696 0.5402619 0.575516 0.5303029 0.595404 0.4584659 0.595404 0.4584659 0.5922316 0.4578549 0.4537846 0.4240658 0.4537846 0.4240658 0.4570797 0.4245541 0.5919368 0.5100996 0.6059918 0.5097465 0.6059918 0.5097465 0.5601329 0.5423066 0.5601329 0.5423066 0.5753696 0.5402619 0.5919873 0.4634693 0.5922316 0.4578549 0.5922316 0.4578549 0.4537846 0.4240658 0.4534183 0.421503 0.4534183 0.421503 0.4355983 0.4365742 0.4355983 0.4365742 0.4379997 0.4367861 0.5586739 0.5552003 0.5586739 0.5552003 0.5601329 0.5423066 0.5919873 0.4634693 0.5919873 0.4634693 0.6000502 0.4641662 0.4534183 0.421503 0.4529302 0.4134479 0.4529302 0.4134479 0.4353158 0.4343847 0.4353158 0.4343847 0.4355983 0.4365742 0.5082935 0.5559326 0.5082935 0.5559326 0.5586739 0.5552003 0.4529302 0.4134479 0.4587883 0.4140582 0.4587883 0.4140582 0.4353158 0.4343847 0.4377877 0.4344554 0.4377877 0.4344554 0.4935297 0.5478904 0.4935297 0.5478904 0.5082935 0.5559326 0.4587883 0.4140582 0.4580563 0.4095423 0.4580563 0.4095423 0.4379997 0.4367861 0.4379997 0.4367861 0.4377877 0.4344554 0.5724794 0.5214689 0.5725275 0.5095239 0.5725275 0.5095239 0.4611073 0.4091763 0.4611073 0.4091763 0.4580563 0.4095423 0.4318551 0.4361504 0.4318551 0.4361504 0.4335501 0.4367861 0.5465448 0.5212997 0.5724794 0.5214689 0.5724794 0.5214689 0.4611074 0.413936 0.4611074 0.413936 0.4611073 0.4091763 0.4320669 0.4350203 0.4320669 0.4350203 0.4318551 0.4361504 0.5466595 0.5159438 0.5466595 0.5159438 0.5467991 0.509434 0.4611074 0.413936 0.4665994 0.4128376 0.4665994 0.4128376 0.4334795 0.4350204 0.4334795 0.4350204 0.4320669 0.4350203 0.5467991 0.509434 0.5467991 0.509434 0.5447652 0.5096036 0.4665994 0.4128376 0.4659892 0.4081999 0.4659892 0.4081999 0.4335501 0.4367861 0.4335501 0.4367861 0.4334795 0.4350204 0.545528 0.5221472 0.5447652 0.5096036 0.5447652 0.5096036 0.6135914 0.4484509 0.6135914 0.4484509 0.5946988 0.4293488 0.4659892 0.4081999 0.468308 0.4083219 0.468308 0.4083219 0.4371201 0.3755523 0.4371201 0.3755523 0.4431666 0.3746375 0.545528 0.5221472 0.545528 0.5221472 0.5735815 0.5222321 0.6018728 0.4643238 0.6000502 0.4641662 0.6000502 0.4641662 0.4686739 0.4124715 0.4686739 0.4124715 0.468308 0.4083219 0.4351745 0.3885471 0.4351745 0.3885471 0.4389177 0.3847332 0.5735815 0.5222321 0.5735815 0.5222321 0.5733788 0.4908893 0.6018728 0.4643238 0.6018728 0.4643238 0.6022512 0.4616119 0.4686739 0.4124715 0.4738 0.4122274 0.4738 0.4122274 0.4302306 0.3844507 0.4302306 0.3844507 0.4351745 0.3885471 0.6128624 0.449297 0.6128624 0.449297 0.6139081 0.4509886 0.4738 0.4122274 0.473922 0.4074676 0.473922 0.4074676 0.4303011 0.382261 0.4303011 0.382261 0.4302306 0.3844507 0.5414596 0.5334192 0.5414596 0.5334192 0.552815 0.5338172 0.6066981 0.4587381 0.6139081 0.4509886 0.6139081 0.4509886 0.4763631 0.4075896 0.4763631 0.4075896 0.473922 0.4074676 0.4303011 0.382261 0.4371201 0.3755523 0.4371201 0.3755523 0.5414596 0.5324872 0.5414596 0.5324872 0.5414596 0.5334192 0.6066981 0.4587381 0.6066981 0.4587381 0.6087581 0.4610433 0.4759967 0.4116172 0.4759967 0.4116172 0.4763631 0.4075896 0.4389177 0.3847332 0.4389177 0.3847332 0.4371201 0.3755523 0.5414596 0.5324872 0.5552201 0.5328438 0.5552201 0.5328438 0.6087581 0.4610433 0.6087581 0.4610433 0.6074339 0.4626619 0.4759967 0.4116172 0.4819771 0.4108849 0.4819771 0.4108849 0.5662348 0.4996935 0.5662348 0.4996935 0.5700605 0.499164 0.5350183 0.5479124 0.5350183 0.5479124 0.5388321 0.5478274 0.6059134 0.4626128 0.6074339 0.4626619 0.6074339 0.4626619 0.4819771 0.4108849 0.4820991 0.4064913 0.4820991 0.4064913 0.5662348 0.4996935 0.5666466 0.4973393 0.5666466 0.4973393 0.5347641 0.545539 0.5347641 0.545539 0.5350183 0.5479124 0.6059134 0.4626128 0.6059134 0.4626128 0.6059624 0.4640842 0.4820991 0.4064913 0.4834415 0.4066133 0.4834415 0.4066133 0.5666466 0.4973393 0.5696485 0.4966918 0.5696485 0.4966918 0.6059624 0.4640842 0.6059624 0.4640842 0.6082186 0.4639371 0.4840517 0.4116173 0.4840517 0.4116173 0.4834415 0.4066133 0.5700605 0.499164 0.5700605 0.499164 0.5696485 0.4966918 0.6082186 0.4639371 0.6082186 0.4639371 0.6178319 0.4541767 0.4885054 0.4563605 0.4885054 0.4563605 0.4857593 0.4287728 0.5725353 0.5075797 0.5726019 0.4910306 0.5726019 0.4910306 0.5388321 0.5478274 0.5388321 0.5478274 0.5550125 0.5446555 0.6178319 0.4541767 0.6178319 0.4541767 0.6268076 0.4644276 0.481733 0.4632423 0.481733 0.4632423 0.4892997 0.4643407 0.4700166 0.4565298 0.4700166 0.4565298 0.481733 0.4632423 0.5676472 0.5081099 0.5725353 0.5075797 0.5725353 0.5075797 0.6281318 0.4631523 0.6281318 0.4631523 0.6135914 0.4484509 0.4647686 0.451648 0.4647686 0.451648 0.4700166 0.4565298 0.5675293 0.5104053 0.5676472 0.5081099 0.5676472 0.5081099 0.5387872 0.5400235 0.5387872 0.5400235 0.5350107 0.5401706 0.4892997 0.4643407 0.4892997 0.4643407 0.4960444 0.464517 0.4647686 0.451648 0.4585443 0.438223 0.4585443 0.438223 0.5675293 0.5104053 0.5675293 0.5104053 0.5725275 0.5095239 0.5391714 0.5424035 0.5391714 0.5424035 0.5387872 0.5400235 0.4960444 0.464517 0.4960444 0.464517 0.4960067 0.4614629 0.4585443 0.438223 0.4584591 0.4359231 0.4584591 0.4359231 0.5465448 0.5212997 0.5465448 0.5212997 0.5466281 0.5174133 0.5391714 0.5424035 0.5531085 0.5427514 0.5531085 0.5427514 0.4938552 0.4630742 0.493972 0.4600788 0.493972 0.4600788 0.5347641 0.545539 0.5350107 0.5401706 0.5350107 0.5401706 0.4891619 0.4629563 0.4938552 0.4630742 0.4938552 0.4630742 0.5466281 0.5174133 0.5466281 0.5174133 0.5487539 0.5172917 0.4961424 0.4802518 0.4961424 0.4802518 0.4961494 0.4904678 0.4687791 0.5222975 0.4722539 0.5178294 0.4722539 0.5178294 0.5466595 0.5159438 0.5489306 0.5161148 0.5489306 0.5161148 0.4722539 0.5178294 0.4755593 0.5177447 0.4755593 0.5177447 0.4861266 0.411495 0.4861266 0.411495 0.4840517 0.4116173 0.4755593 0.5177447 0.4764068 0.5136764 0.4764068 0.5136764 0.487469 0.4260184 0.487469 0.4260184 0.4861266 0.411495 0.4949089 0.4904928 0.4949651 0.4813112 0.4949651 0.4813112 0.4783561 0.513507 0.4783561 0.513507 0.4764068 0.5136764 0.487469 0.4260184 0.4927177 0.4255297 0.4927177 0.4255297 0.4933173 0.4801341 0.4933173 0.4801341 0.4949651 0.4813112 0.4788647 0.5182532 0.4788647 0.5182532 0.4783561 0.513507 0.4927177 0.4255297 0.4906427 0.4075894 0.4906427 0.4075894 0.5487539 0.5172917 0.5487539 0.5172917 0.5489306 0.5161148 0.4937881 0.4796044 0.4937881 0.4796044 0.4933173 0.4801341 0.4788647 0.5182532 0.4901369 0.5165581 0.4901369 0.5165581 0.4906427 0.4075894 0.48979 0.3985566 0.48979 0.3985566 0.4937881 0.4796044 0.5215093 0.4788096 0.5215093 0.4788096 0.4901369 0.5165581 0.4907302 0.5118966 0.4907302 0.5118966 0.4465839 0.4017315 0.4465839 0.4017315 0.48979 0.3985566 0.5256295 0.4834888 0.5256295 0.4834888 0.5281628 0.4833354 0.4856449 0.5035058 0.4856449 0.5035058 0.4907302 0.5118966 0.4465839 0.4017315 0.4431666 0.3746375 0.4431666 0.3746375 0.5250998 0.4860786 0.5250998 0.4860786 0.5256295 0.4834888 0.4856449 0.5035058 0.4894589 0.5029975 0.4894589 0.5029975 0.4220309 0.3778352 0.4220309 0.3778352 0.4371201 0.3755523 0.5251421 0.4898833 0.5251421 0.4898833 0.5250998 0.4860786 0.4894589 0.5029975 0.4902217 0.4985903 0.4902217 0.4985903 0.4218551 0.38135 0.4218551 0.38135 0.4220309 0.3778352 0.4902217 0.4985903 0.4920015 0.4985054 0.4920015 0.4985054 0.4088639 0.3828571 0.4088639 0.3828571 0.4218551 0.38135 0.4918319 0.5048621 0.4918319 0.5048621 0.4920015 0.4985054 0.4032668 0.3776159 0.4462838 0.3704538 0.4462838 0.3704538 0.4918319 0.5048621 0.4959001 0.5057095 0.4959001 0.5057095 0.4497985 0.3987488 0.4497985 0.3987488 0.4462838 0.3704538 0.4935271 0.5452048 0.4935271 0.5452048 0.4959001 0.5057095 0.4497985 0.3987488 0.4949682 0.3950557 0.4949682 0.3950557 0.4955104 0.5460759 0.4955104 0.5460759 0.4935271 0.5452048 0.4967222 0.4279224 0.4967222 0.4279224 0.4949682 0.3950557 0.4902796 0.5461201 0.4902796 0.5461201 0.4935297 0.5478904 0.4857593 0.4287728 0.4857593 0.4287728 0.4967222 0.4279224 0.4902796 0.5461201 0.4908655 0.5199047 0.4908655 0.5199047 0.4346845 0.494354 0.4346845 0.494354 0.4489954 0.4792624 0.4766594 0.5213693 0.4766594 0.5213693 0.4908655 0.5199047 0.4346845 0.494354 0.460519 0.5179039 0.460519 0.5179039 0.4661147 0.5298637 0.4661147 0.5298637 0.4766594 0.5213693 0.460519 0.5179039 0.462628 0.5161465 0.462628 0.5161465 0.4642097 0.5265154 0.4642097 0.5265154 0.4661147 0.5298637 0.462628 0.5161465 0.4687791 0.5222975 0.4687791 0.5222975 0.4955104 0.5460759 0.5116645 0.5531716 0.5116645 0.5531716 0.5078549 0.4831947 0.5078549 0.4831947 0.5080315 0.4799575 0.5109742 0.4835478 0.5109742 0.4835478 0.5078549 0.4831947 0.5116806 0.4797222 0.5116806 0.4797222 0.5109742 0.4835478 0.5160947 0.4800162 0.5160947 0.4800162 0.5116806 0.4797222 0.5198615 0.4800163 0.5198615 0.4800163 0.5160947 0.4800162 0.5210388 0.4810758 0.5210388 0.4810758 0.5198615 0.4800163 0.5232164 0.4856666 0.5232164 0.4856666 0.5210388 0.4810758 0.5232164 0.4856666 0.5220394 0.4881975 0.5220394 0.4881975 0.5221065 0.4899445 0.5221065 0.4899445 0.5220394 0.4881975 0.4987385 0.5048867 0.502481 0.5047633 0.502481 0.5047633 0.5054779 0.5056092 0.505478 0.5056092 0.5213918 0.5054424 0.5211567 0.5041478 0.5055642 0.5046616 0.5054779 0.5056092 0.5213918 0.5054424 0.5216861 0.5090915 0.5247467 0.5085029 0.5216861 0.5090915 0.5230987 0.5096213 0.5247467 0.5085029 0.5211567 0.5041478 0.5054779 0.5056092 0.5213918 0.5054424 0.5231575 0.496967 0.5206856 0.5003808 0.5257472 0.4997923 0.5206856 0.5003808 0.5211567 0.5041478 0.5250411 0.5013813 0.5252764 0.494495 0.5228633 0.4949071 0.5231575 0.496967 0.528337 0.499086 0.5277484 0.4974969 0.5257472 0.4997923 0.5277484 0.4974969 0.5253354 0.4970849 0.5257472 0.4997923 0.5253354 0.4970849 0.5252764 0.494495 0.5231575 0.496967 0.5206856 0.5003808 0.5250411 0.5013813 0.5257472 0.4997923 0.5211567 0.5041478 0.5213918 0.5054424 0.5255707 0.503971 0.5250411 0.5013813 0.5211567 0.5041478 0.5255707 0.503971 0.5247467 0.5085029 0.5266887 0.5092093 0.5266889 0.5047951 0.5255707 0.503971 0.5269832 0.5019699 0.5250411 0.5013813 0.5247467 0.5085029 0.5266889 0.5047951 0.5255707 0.503971 0.5213918 0.5054424 0.5247467 0.5085029 0.5255707 0.503971 0.5213918 0.5054424 0.505478 0.5056092 0.5211567 0.5041478 0.505478 0.5056092 0.5055642 0.5046617 0.5211567 0.5041478 0.5211567 0.5041478 0.5206856 0.5003808 0.5250411 0.5013813 0.5206856 0.5003808 0.5231575 0.496967 0.5257472 0.4997923 0.5250411 0.5013813 0.5206856 0.5003808 0.5257472 0.4997923 0.5230987 0.5096213 0.5216861 0.5090915 0.5247467 0.5085029 0.5216861 0.5090915 0.5213918 0.5054424 0.5247467 0.5085029 0.5266889 0.5047951 0.5266887 0.5092093 0.5247467 0.5085029 0.5213918 0.5054424 0.5211567 0.5041478 0.5255707 0.503971 0.5231575 0.496967 0.5228633 0.4949071 0.5252764 0.494495 0.5253354 0.4970849 0.5277484 0.4974969 0.5257472 0.4997923 0.5277484 0.4974969 0.528337 0.499086 0.5257472 0.4997923 0.5231575 0.496967 0.5252764 0.494495 0.5253354 0.4970849 0.5247467 0.5085029 0.5213918 0.5054424 0.5255707 0.503971 0.5211567 0.5041478 0.5250411 0.5013813 0.5255707 0.503971 0.5255707 0.503971 0.5266889 0.5047951 0.5247467 0.5085029 0.5250411 0.5013813 0.5269832 0.5019699 0.5255707 0.503971 0.5020396 0.5056454 0.5054779 0.5056092 0.5055642 0.5046616 0 0 0 0 0 0 0 0 0 0 0 0 0.5372345 0.5130934 0.5328791 0.4897273 0.5376465 0.4897862 0.5670223 0.4910306 0.5642678 0.4917369 0.564621 0.4882055 0.4792712 0.4825498 0.4658292 0.4995039 0.4611915 0.4909607 0.4658292 0.4995039 0.4856449 0.5035058 0.4764068 0.5136764 0.4364333 0.4000473 0.4309412 0.420795 0.4281342 0.4009016 0.4281342 0.4009016 0.4309412 0.420795 0.410959 0.4280982 0.4686739 0.4124715 0.4570797 0.4245541 0.4665994 0.4128376 0.4647686 0.451648 0.4585443 0.438223 0.4885054 0.4563605 0.4497985 0.3987488 0.4949682 0.3950557 0.48979 0.3985566 0.4302306 0.3844507 0.4281342 0.4009016 0.4218551 0.38135 0.460519 0.5179039 0.4642097 0.5265154 0.4316969 0.4947054 0.410959 0.4280982 0.4538407 0.4715072 0.4063895 0.4288012 0.5301295 0.4629051 0.5306379 0.456379 0.5318188 0.4583438 0.5539088 0.4661548 0.5621163 0.4638645 0.5438752 0.4807815 0.5925971 0.4295411 0.5642699 0.4615832 0.559523 0.4292971 0.5972812 0.4334296 0.5957605 0.4592286 0.595404 0.4584659 0.5621163 0.4638645 0.5877161 0.463957 0.5790291 0.4783176 0.5642699 0.4615832 0.5877161 0.463957 0.5621163 0.4638645 0.6026042 0.4590768 0.6107672 0.4483911 0.6128624 0.449297 0.6178319 0.4541767 0.6087581 0.4610433 0.6139081 0.4509886 0.6022512 0.4616119 0.6018728 0.4643238 0.6000502 0.4641662 0.4892997 0.4643407 0.4891619 0.4629563 0.4938552 0.4630742 0.493972 0.4600788 0.4891619 0.4629563 0.4885054 0.4563605 0.4920015 0.4985054 0.4918319 0.5048621 0.4894589 0.5029975 0.575516 0.5303029 0.5728798 0.5267881 0.5843033 0.5267881 0.5728798 0.5267881 0.5611634 0.5319138 0.5735815 0.5222321 0.5735815 0.5222321 0.545528 0.5221472 0.5724794 0.5214689 0.5552201 0.5328438 0.552815 0.5338172 0.5414596 0.5324872 0.5491543 0.5509531 0.5491543 0.5528569 0.5388321 0.5478274 0.5350183 0.5479124 0.5384933 0.5452002 0.5388321 0.5478274 0.5353574 0.5420641 0.5391714 0.5424035 0.5384933 0.5452002 0.5353574 0.5420641 0.5387872 0.5400235 0.5391714 0.5424035 0.5215093 0.4788096 0.5210388 0.4810758 0.5198615 0.4800163 0.5160947 0.4800162 0.5210388 0.4810758 0.5220394 0.4881975 0.5250998 0.4860786 0.5281628 0.4833354 0.5328791 0.4897273 0.528337 0.499086 0.5266889 0.5047951 0.5269832 0.5019699 0.5251421 0.4898833 0.522157 0.491258 0.5221065 0.4899445 0.5231575 0.496967 0.5253354 0.4970849 0.5257472 0.4997923 0.5336341 0.4806637 0.5303381 0.4804872 0.5286902 0.4786038 0.6006237 0.520058 0.5955389 0.5153258 0.6059918 0.5097465 0.6160187 0.5216054 0.6081815 0.5065683 0.615684 0.5069915 0.410959 0.4280982 0.4353158 0.4343847 0.4320669 0.4350203 0.4355983 0.4365742 0.4377877 0.4344554 0.4379997 0.4367861 0.4318551 0.4361504 0.4334795 0.4350204 0.4335501 0.4367861 0.4960444 0.464517 0.5215093 0.4788096 0.4937881 0.4796044 0.48979 0.3985566 0.4820991 0.4064913 0.4763631 0.4075896 0.4431666 0.3746375 0.4389177 0.3847332 0.4371201 0.3755523 0.4303011 0.382261 0.4389177 0.3847332 0.4302306 0.3844507 0.5564988 0.4939264 0.5613721 0.4942089 0.5662348 0.4996935 0.5666466 0.4973393 0.5700605 0.499164 0.5662348 0.4996935 0.5725275 0.5095239 0.5676472 0.5081099 0.5725353 0.5075797 0.5466595 0.5159438 0.5489306 0.5161148 0.5478613 0.5167174 0.5478613 0.5167174 0.5489306 0.5161148 0.5487539 0.5172917 0.5478613 0.5167174 0.5487539 0.5172917 0.5466281 0.5174133 0.5478613 0.5167174 0.5466281 0.5174133 0.5466595 0.5159438 0.5319797 0.4640086 0.5318188 0.4583438 0.5301295 0.4629051 0.559523 0.4292971 0.5642699 0.4615832 0.5925971 0.4295411 0.5946988 0.4293488 0.5972812 0.4334296 0.6135914 0.4484509 0.6026042 0.4590768 0.6128624 0.449297 0.6107672 0.4483911 0.6160838 0.5244447 0.5882575 0.5263487 0.6172556 0.5291314 0.5414596 0.5324872 0.552815 0.5338172 0.5552201 0.5328438 0.5350183 0.5479124 0.5384933 0.5452002 0.5347641 0.545539 0.5353574 0.5420641 0.5347641 0.545539 0.5384933 0.5452002 0.5353574 0.5420641 0.5387872 0.5400235 0.5350107 0.5401706 0.5198615 0.4800163 0.5210388 0.4810758 0.5215093 0.4788096 0.5220394 0.4881975 0.5210388 0.4810758 0.5160947 0.4800162 0.5466595 0.5159438 0.5478613 0.5167174 0.5489306 0.5161148 0.5478613 0.5167174 0.5487539 0.5172917 0.5489306 0.5161148 0.5478613 0.5167174 0.5466281 0.5174133 0.5487539 0.5172917 0.5478613 0.5167174 0.5466595 0.5159438 0.5466281 0.5174133 0.5372345 0.5130934 0.5316432 0.5129757 0.5328791 0.4897273 0.549224 0.4861573 0.5499303 0.4783882 0.5509191 0.486016 0.5499303 0.4783882 0.5790291 0.4783176 0.564621 0.4882055 0.5509191 0.486016 0.5499303 0.4783882 0.5607365 0.4885587 0.5795235 0.4795889 0.5859507 0.4795889 0.5860919 0.4803658 0.5790291 0.4783176 0.5795235 0.4795889 0.5782522 0.4803658 0.5499303 0.4783882 0.564621 0.4882055 0.5607365 0.4885587 0.5560044 0.49322 0.5550156 0.4932907 0.5509191 0.486016 0.5795235 0.4795889 0.5860919 0.4803658 0.5782522 0.4803658 0.5787466 0.4847447 0.5822074 0.484886 0.5823486 0.4872873 0.5790291 0.4783176 0.5782522 0.4803658 0.564621 0.4882055 0.5787466 0.4847447 0.5823486 0.4872873 0.573167 0.4871461 0.5782522 0.4803658 0.5787466 0.4847447 0.573167 0.4871461 0.5613721 0.4942089 0.5564988 0.4939264 0.5560044 0.49322 0.5782522 0.4803658 0.573167 0.4871461 0.564621 0.4882055 0.573167 0.4871461 0.5733788 0.4908893 0.5726019 0.4910306 0.5670223 0.4910306 0.5673755 0.4920194 0.5642678 0.4917369 0.573167 0.4871461 0.5726019 0.4910306 0.5670223 0.4910306 0.5613721 0.4942089 0.5560044 0.49322 0.5607365 0.4885587 0.5560044 0.49322 0.5509191 0.486016 0.5607365 0.4885587 0.573167 0.4871461 0.5670223 0.4910306 0.564621 0.4882055 0.4792712 0.4825498 0.4832986 0.4907269 0.4658292 0.4995039 0.4658292 0.4995039 0.4832986 0.4907269 0.4856449 0.5035058 0.4832986 0.4907269 0.4949089 0.4904928 0.4902217 0.4985903 0.4902217 0.4985903 0.4949089 0.4904928 0.4920015 0.4985054 0.4949089 0.4904928 0.4959001 0.5057095 0.4920015 0.4985054 0.4959001 0.5057095 0.4918319 0.5048621 0.4920015 0.4985054 0.4489954 0.4792624 0.4611915 0.4909607 0.4346845 0.494354 0.4611915 0.4909607 0.4658292 0.4995039 0.4346845 0.494354 0.4902217 0.4985903 0.4894589 0.5029975 0.4856449 0.5035058 0.4832986 0.4907269 0.4902217 0.4985903 0.4856449 0.5035058 0.462628 0.5161465 0.460519 0.5179039 0.4658292 0.4995039 0.460519 0.5179039 0.4346845 0.494354 0.4658292 0.4995039 0.4722539 0.5178294 0.4687791 0.5222975 0.462628 0.5161465 0.4764068 0.5136764 0.4755593 0.5177447 0.4722539 0.5178294 0.4901369 0.5165581 0.4788647 0.5182532 0.4783561 0.513507 0.4764068 0.5136764 0.4722539 0.5178294 0.462628 0.5161465 0.4907302 0.5118966 0.4901369 0.5165581 0.4783561 0.513507 0.4764068 0.5136764 0.462628 0.5161465 0.4658292 0.4995039 0.4907302 0.5118966 0.4783561 0.513507 0.4856449 0.5035058 0.4783561 0.513507 0.4764068 0.5136764 0.4856449 0.5035058 0.4364333 0.4000473 0.4376537 0.4217714 0.4309412 0.420795 0.4309412 0.420795 0.4376537 0.4217714 0.4353158 0.4343847 0.4376537 0.4217714 0.4584591 0.4359231 0.4377877 0.4344554 0.4584591 0.4359231 0.4379997 0.4367861 0.4377877 0.4344554 0.4377877 0.4344554 0.4353158 0.4343847 0.4376537 0.4217714 0.4353158 0.4343847 0.410959 0.4280982 0.4309412 0.420795 0.410959 0.4280982 0.4076201 0.3906649 0.4281342 0.4009016 0.4076201 0.3906649 0.4099043 0.3896099 0.4281342 0.4009016 0.4099043 0.3896099 0.4088639 0.3828571 0.4281342 0.4009016 0.4885054 0.4563605 0.4584591 0.4359231 0.4857593 0.4287728 0.4584591 0.4359231 0.4583003 0.4316325 0.4857593 0.4287728 0.4583003 0.4316325 0.4541507 0.4311444 0.4574458 0.429802 0.4541507 0.4311444 0.4541507 0.4296798 0.4574458 0.429802 0.4834415 0.4066133 0.4840517 0.4116173 0.4819771 0.4108849 0.4840517 0.4116173 0.4857593 0.4287728 0.4759967 0.4116172 0.4819771 0.4108849 0.4840517 0.4116173 0.4759967 0.4116172 0.4819771 0.4108849 0.4820991 0.4064913 0.4834415 0.4066133 0.473922 0.4074676 0.4763631 0.4075896 0.4759967 0.4116172 0.4738 0.4122274 0.473922 0.4074676 0.4759967 0.4116172 0.4857593 0.4287728 0.4583003 0.4316325 0.4686739 0.4124715 0.4583003 0.4316325 0.4574458 0.429802 0.4570797 0.4245541 0.4570797 0.4245541 0.4537846 0.4240658 0.4534183 0.421503 0.4583003 0.4316325 0.4570797 0.4245541 0.4686739 0.4124715 0.4738 0.4122274 0.4759967 0.4116172 0.4857593 0.4287728 0.4659892 0.4081999 0.468308 0.4083219 0.4665994 0.4128376 0.468308 0.4083219 0.4686739 0.4124715 0.4665994 0.4128376 0.4686739 0.4124715 0.4738 0.4122274 0.4857593 0.4287728 0.4570797 0.4245541 0.4534183 0.421503 0.4587883 0.4140582 0.4534183 0.421503 0.4529302 0.4134479 0.4587883 0.4140582 0.4587883 0.4140582 0.4580563 0.4095423 0.4611074 0.413936 0.4580563 0.4095423 0.4611073 0.4091763 0.4611074 0.413936 0.4570797 0.4245541 0.4587883 0.4140582 0.4611074 0.413936 0.4570797 0.4245541 0.4611074 0.413936 0.4665994 0.4128376 0.4584591 0.4359231 0.4885054 0.4563605 0.4585443 0.438223 0.4885054 0.4563605 0.4891619 0.4629563 0.481733 0.4632423 0.4891619 0.4629563 0.4892997 0.4643407 0.481733 0.4632423 0.481733 0.4632423 0.4700166 0.4565298 0.4885054 0.4563605 0.4700166 0.4565298 0.4647686 0.451648 0.4885054 0.4563605 0.4857593 0.4287728 0.4840517 0.4116173 0.487469 0.4260184 0.4840517 0.4116173 0.4861266 0.411495 0.487469 0.4260184 0.4218551 0.38135 0.4088639 0.3828571 0.4220309 0.3778352 0.4088639 0.3828571 0.4032668 0.3776159 0.4220309 0.3778352 0.4431666 0.3746375 0.4371201 0.3755523 0.4462838 0.3704538 0.4371201 0.3755523 0.4220309 0.3778352 0.4462838 0.3704538 0.4967222 0.4279224 0.4857593 0.4287728 0.4927177 0.4255297 0.4857593 0.4287728 0.487469 0.4260184 0.4927177 0.4255297 0.4927177 0.4255297 0.4906427 0.4075894 0.4967222 0.4279224 0.4906427 0.4075894 0.48979 0.3985566 0.4949682 0.3950557 0.4967222 0.4279224 0.4906427 0.4075894 0.4949682 0.3950557 0.4220309 0.3778352 0.4032668 0.3776159 0.4462838 0.3704538 0.4431666 0.3746375 0.4462838 0.3704538 0.4497985 0.3987488 0.4465839 0.4017315 0.4431666 0.3746375 0.4497985 0.3987488 0.48979 0.3985566 0.4465839 0.4017315 0.4497985 0.3987488 0.4281342 0.4009016 0.4088639 0.3828571 0.4218551 0.38135 0.4218551 0.38135 0.4220309 0.3778352 0.4303011 0.382261 0.4220309 0.3778352 0.4371201 0.3755523 0.4303011 0.382261 0.4303011 0.382261 0.4302306 0.3844507 0.4218551 0.38135 0.4479275 0.477702 0.4489954 0.4792624 0.4346845 0.494354 0.460519 0.5179039 0.462628 0.5161465 0.4687791 0.5222975 0.4316969 0.4947054 0.4479275 0.477702 0.4346845 0.494354 0.460519 0.5179039 0.4687791 0.5222975 0.4642097 0.5265154 0.4316969 0.4947054 0.4346845 0.494354 0.460519 0.5179039 0.4032668 0.3776159 0.4088639 0.3828571 0.4076201 0.3906649 0.4088639 0.3828571 0.4099043 0.3896099 0.4076201 0.3906649 0.4489954 0.4792624 0.4479275 0.477702 0.4538407 0.4715072 0.4032668 0.3776159 0.4076201 0.3906649 0.4063895 0.4288012 0.4076201 0.3906649 0.410959 0.4280982 0.4063895 0.4288012 0.4582344 0.4701012 0.4489954 0.4792624 0.4538407 0.4715072 0.410959 0.4280982 0.4582344 0.4701012 0.4538407 0.4715072 0.4960067 0.4614629 0.493972 0.4600788 0.4959598 0.4576517 0.493972 0.4600788 0.4941092 0.4565485 0.4959598 0.4576517 0.54561 0.4626152 0.5451217 0.4639578 0.5375032 0.4611252 0.5451217 0.4639578 0.5368229 0.4640796 0.5375032 0.4611252 0.5539088 0.4661548 0.5504914 0.4661547 0.554153 0.4638358 0.5504914 0.4661547 0.5498815 0.4624931 0.554153 0.4638358 0.5642699 0.4615832 0.5621163 0.4638645 0.5587907 0.4610287 0.5621163 0.4638645 0.554153 0.4638358 0.5574557 0.4617888 0.5587907 0.4610287 0.5621163 0.4638645 0.5574557 0.4617888 0.5946988 0.4293488 0.5936662 0.4304426 0.5925971 0.4295411 0.5586565 0.4273223 0.5922755 0.4268988 0.559523 0.4292971 0.5922755 0.4268988 0.5946988 0.4293488 0.5925971 0.4295411 0.5922755 0.4268988 0.5925971 0.4295411 0.559523 0.4292971 0.5574557 0.4617888 0.5586565 0.4273223 0.559523 0.4292971 0.4980783 0.4574825 0.4959598 0.4576517 0.4970759 0.4565483 0.4959598 0.4576517 0.4941092 0.4565485 0.4970759 0.4565483 0.4979925 0.4467198 0.4980783 0.4574825 0.4970759 0.4565483 0.5574557 0.4617888 0.559523 0.4292971 0.5587907 0.4610287 0.4979925 0.4467198 0.4970759 0.4565483 0.4972441 0.4446839 0.5574557 0.4617888 0.554153 0.4638358 0.5498815 0.4624931 0.5375032 0.4611252 0.5574557 0.4617888 0.5498815 0.4624931 0.5375032 0.4611252 0.5498815 0.4624931 0.54561 0.4626152 0.4979925 0.4467198 0.4972441 0.4446839 0.5052825 0.4465492 0.4972441 0.4446839 0.5072461 0.4442592 0.5052825 0.4465492 0.5052825 0.4465492 0.5072461 0.4442592 0.5070769 0.4633286 0.5056213 0.4646869 0.5052825 0.4465492 0.5070769 0.4633286 0.5375032 0.4611252 0.5368229 0.4640796 0.5351138 0.4583438 0.5056213 0.4646869 0.5070769 0.4633286 0.5301295 0.4629051 0.5352151 0.455955 0.5375032 0.4611252 0.5351138 0.4583438 0.5319797 0.4640086 0.5056213 0.4646869 0.5301295 0.4629051 0.5352151 0.455955 0.5351138 0.4583438 0.5318188 0.4583438 0.5318188 0.4583438 0.5319797 0.4640086 0.5301295 0.4629051 0.5306379 0.456379 0.5352151 0.455955 0.5318188 0.4583438 0.5215093 0.4788096 0.4960067 0.4614629 0.5056213 0.4646869 0.4960067 0.4614629 0.4959598 0.4576517 0.4980783 0.4574825 0.5056213 0.4646869 0.4960067 0.4614629 0.4980783 0.4574825 0.4980783 0.4574825 0.4979925 0.4467198 0.5052825 0.4465492 0.5439929 0.4793689 0.5376363 0.4794278 0.5371065 0.4783683 0.5371655 0.4821941 0.5371066 0.4807226 0.5438752 0.4807815 0.5336341 0.4806637 0.5352821 0.4803695 0.5356352 0.481782 0.533693 0.4830181 0.5336341 0.4806637 0.5356352 0.481782 0.533693 0.4830181 0.5356352 0.481782 0.5371655 0.4821941 0.5295141 0.4832535 0.5303381 0.4804872 0.5318096 0.4832535 0.533693 0.4830181 0.5371655 0.4821941 0.5376465 0.4897862 0.5371655 0.4821941 0.5438752 0.4807815 0.5376465 0.4897862 0.5281628 0.4833354 0.5295141 0.4832535 0.5376465 0.4897862 0.5295141 0.4832535 0.5318096 0.4832535 0.5376465 0.4897862 0.5539088 0.4661548 0.554153 0.4638358 0.5621163 0.4638645 0.54561 0.4626152 0.5498815 0.4624931 0.5451217 0.4639578 0.5498815 0.4624931 0.5504914 0.4661547 0.5451217 0.4639578 0.5318188 0.4583438 0.5351138 0.4583438 0.5319797 0.4640086 0.5351138 0.4583438 0.5368229 0.4640796 0.5319797 0.4640086 0.5368229 0.4640796 0.5451217 0.4639578 0.5371065 0.4783683 0.5451217 0.4639578 0.5504914 0.4661547 0.5439929 0.4793689 0.5371065 0.4783683 0.5451217 0.4639578 0.5439929 0.4793689 0.4980783 0.4574825 0.5052825 0.4465492 0.5056213 0.4646869 0.5056213 0.4646869 0.5319797 0.4640086 0.5215093 0.4788096 0.5319797 0.4640086 0.5368229 0.4640796 0.5371065 0.4783683 0.5286902 0.4786038 0.5319797 0.4640086 0.5371065 0.4783683 0.5319797 0.4640086 0.5286902 0.4786038 0.5215093 0.4788096 0.5376465 0.4897862 0.5318096 0.4832535 0.533693 0.4830181 0.5504914 0.4661547 0.5539088 0.4661548 0.5439929 0.4793689 0.5438752 0.4807815 0.5439929 0.4793689 0.5539088 0.4661548 0.5621163 0.4638645 0.5376465 0.4897862 0.5438752 0.4807815 0.5936662 0.4304426 0.5642699 0.4615832 0.5925971 0.4295411 0.5642699 0.4615832 0.5587907 0.4610287 0.559523 0.4292971 0.6135914 0.4484509 0.6128624 0.449297 0.6122403 0.4482913 0.6122403 0.4482913 0.6107672 0.4483911 0.5972812 0.4334296 0.5957605 0.4592286 0.6026042 0.4590768 0.6022512 0.4616119 0.6135914 0.4484509 0.6122403 0.4482913 0.5972812 0.4334296 0.5957605 0.4592286 0.6022512 0.4616119 0.6000502 0.4641662 0.5946988 0.4293488 0.6135914 0.4484509 0.5972812 0.4334296 0.5957605 0.4592286 0.6000502 0.4641662 0.5919873 0.4634693 0.5936662 0.4304426 0.5946988 0.4293488 0.5965031 0.4328358 0.5946988 0.4293488 0.5972812 0.4334296 0.5965031 0.4328358 0.5957605 0.4592286 0.5919873 0.4634693 0.5922316 0.4578549 0.595404 0.4584659 0.5965031 0.4328358 0.5972812 0.4334296 0.5957605 0.4592286 0.5922316 0.4578549 0.595404 0.4584659 0.5642699 0.4615832 0.5936662 0.4304426 0.5922316 0.4578549 0.5936662 0.4304426 0.5965031 0.4328358 0.5922316 0.4578549 0.5965031 0.4328358 0.595404 0.4584659 0.5922316 0.4578549 0.5919873 0.4634693 0.6000502 0.4641662 0.5859507 0.4795889 0.6000502 0.4641662 0.5860919 0.4803658 0.5859507 0.4795889 0.5922316 0.4578549 0.5919873 0.4634693 0.5877161 0.463957 0.5859507 0.4795889 0.5795235 0.4795889 0.5790291 0.4783176 0.5919873 0.4634693 0.5859507 0.4795889 0.5877161 0.463957 0.5877161 0.463957 0.5642699 0.4615832 0.5922316 0.4578549 0.5499303 0.4783882 0.549224 0.4861573 0.5376465 0.4897862 0.5859507 0.4795889 0.5790291 0.4783176 0.5877161 0.463957 0.5499303 0.4783882 0.5376465 0.4897862 0.5621163 0.4638645 0.5499303 0.4783882 0.5621163 0.4638645 0.5790291 0.4783176 0.6128624 0.449297 0.6022512 0.4616119 0.6026042 0.4590768 0.6026042 0.4590768 0.5957605 0.4592286 0.6107672 0.4483911 0.5957605 0.4592286 0.5972812 0.4334296 0.6107672 0.4483911 0.6107672 0.4483911 0.6122403 0.4482913 0.6128624 0.449297 0.6128624 0.449297 0.6135914 0.4484509 0.6139081 0.4509886 0.6135914 0.4484509 0.6281318 0.4631523 0.6178319 0.4541767 0.6281318 0.4631523 0.6268076 0.4644276 0.6178319 0.4541767 0.6178319 0.4541767 0.6082186 0.4639371 0.6087581 0.4610433 0.6082186 0.4639371 0.6059624 0.4640842 0.6074339 0.4626619 0.6059624 0.4640842 0.6059134 0.4626128 0.6074339 0.4626619 0.6087581 0.4610433 0.6066981 0.4587381 0.6139081 0.4509886 0.6082186 0.4639371 0.6074339 0.4626619 0.6087581 0.4610433 0.6135914 0.4484509 0.6178319 0.4541767 0.6139081 0.4509886 0.493972 0.4600788 0.4960067 0.4614629 0.4938552 0.4630742 0.4960067 0.4614629 0.4960444 0.464517 0.4938552 0.4630742 0.4960444 0.464517 0.4892997 0.4643407 0.4938552 0.4630742 0.493972 0.4600788 0.4938552 0.4630742 0.4891619 0.4629563 0.4687791 0.5222975 0.4722539 0.5178294 0.4766594 0.5213693 0.4722539 0.5178294 0.4755593 0.5177447 0.4766594 0.5213693 0.4755593 0.5177447 0.4764068 0.5136764 0.4788647 0.5182532 0.4764068 0.5136764 0.4783561 0.513507 0.4788647 0.5182532 0.4642097 0.5265154 0.4687791 0.5222975 0.4661147 0.5298637 0.4766594 0.5213693 0.4661147 0.5298637 0.4687791 0.5222975 0.4935297 0.5478904 0.4902796 0.5461201 0.4935271 0.5452048 0.4902796 0.5461201 0.4908655 0.5199047 0.4935271 0.5452048 0.4766594 0.5213693 0.4755593 0.5177447 0.4788647 0.5182532 0.4766594 0.5213693 0.4788647 0.5182532 0.4908655 0.5199047 0.4788647 0.5182532 0.4901369 0.5165581 0.4908655 0.5199047 0.4907302 0.5118966 0.4856449 0.5035058 0.4918319 0.5048621 0.4856449 0.5035058 0.4894589 0.5029975 0.4918319 0.5048621 0.4908655 0.5199047 0.4901369 0.5165581 0.4959001 0.5057095 0.4901369 0.5165581 0.4907302 0.5118966 0.4959001 0.5057095 0.4935271 0.5452048 0.4955104 0.5460759 0.4935297 0.5478904 0.4918319 0.5048621 0.4959001 0.5057095 0.4907302 0.5118966 0.4959001 0.5057095 0.4935271 0.5452048 0.4908655 0.5199047 0.4902217 0.4985903 0.4920015 0.4985054 0.4894589 0.5029975 0.6268076 0.4644276 0.6281318 0.4631523 0.6295577 0.4655702 0.6268076 0.4644276 0.6295577 0.4655702 0.6207705 0.4665954 0.6014384 0.4784581 0.6031957 0.4802156 0.6020241 0.4809479 0.5933835 0.4887099 0.5920655 0.4791904 0.5977772 0.4863667 0.5920655 0.4791904 0.6014384 0.4784581 0.5999739 0.4829983 0.5968983 0.4973507 0.5955802 0.4944216 0.5999738 0.4939823 0.5955802 0.4944216 0.5966054 0.4926642 0.5999738 0.4939823 0.5920655 0.4791904 0.5999739 0.4829983 0.5977772 0.4863667 0.6014384 0.4784581 0.6020241 0.4809479 0.5999739 0.4829983 0.6015849 0.502916 0.6034888 0.5020372 0.6027566 0.5051129 0.6034888 0.5020372 0.6062713 0.5021837 0.6027566 0.5051129 0.5999738 0.4939823 0.5966054 0.4926642 0.5977772 0.4863667 0.5966054 0.4926642 0.5933835 0.4887099 0.5977772 0.4863667 0.6156443 0.5052592 0.6027566 0.5051129 0.609054 0.5026231 0.6027566 0.5051129 0.6062713 0.5021837 0.609054 0.5026231 0.6162303 0.4655701 0.6268076 0.4644276 0.6207705 0.4665954 0.6162303 0.4655701 0.6207705 0.4665954 0.6234064 0.4727464 0.6207705 0.4665954 0.6254569 0.4702568 0.6234064 0.4727464 0.5718547 0.5344037 0.5673146 0.532207 0.5728798 0.5319139 0.5724404 0.5396761 0.5718547 0.5344037 0.5753696 0.5402619 0.5718547 0.5344037 0.5728798 0.5319139 0.575516 0.5303029 0.5753696 0.5402619 0.5718547 0.5344037 0.575516 0.5303029 0.5977772 0.4863667 0.607736 0.4974972 0.5999738 0.4939823 0.607736 0.4974972 0.609054 0.5026231 0.6062713 0.5021837 0.5999738 0.4939823 0.607736 0.4974972 0.6062713 0.5021837 0.5882575 0.5263487 0.5851821 0.530303 0.5843033 0.5267881 0.5851821 0.530303 0.575516 0.5303029 0.5843033 0.5267881 0.5082935 0.5559326 0.4935297 0.5478904 0.4955104 0.5460759 0.5082935 0.5559326 0.4955104 0.5460759 0.5116645 0.5531716 0.6234064 0.4727464 0.6254569 0.4702568 0.6330724 0.4737716 0.6254569 0.4702568 0.6370269 0.4717212 0.6330724 0.4737716 0.5586739 0.5552003 0.5082935 0.5559326 0.5318726 0.5531498 0.5082935 0.5559326 0.5116645 0.5531716 0.5287969 0.5528568 0.5318726 0.5531498 0.5082935 0.5559326 0.5287969 0.5528568 0.5287969 0.5528568 0.5298224 0.5505138 0.5318726 0.5531498 0.5298224 0.5505138 0.5323119 0.5510994 0.5318726 0.5531498 0.6330724 0.4737716 0.6370269 0.4717212 0.6112508 0.4957396 0.6131547 0.4914926 0.6330724 0.4737716 0.6112508 0.4957396 0.6131547 0.4914926 0.6112508 0.4957396 0.5999739 0.4829983 0.5553054 0.5314748 0.5611634 0.5319138 0.5552201 0.5328438 0.5611634 0.5319138 0.5624815 0.5393831 0.5551594 0.5338183 0.5551594 0.5338183 0.5552201 0.5328438 0.5611634 0.5319138 0.5531085 0.5427514 0.552815 0.5338172 0.5551594 0.5338183 0.5550125 0.5446555 0.5531085 0.5427514 0.5601329 0.5423066 0.5531085 0.5427514 0.5551594 0.5338183 0.5601329 0.5423066 0.5551594 0.5338183 0.5624815 0.5393831 0.5601329 0.5423066 0.5491543 0.5528569 0.5491543 0.5509531 0.5555983 0.5505138 0.6020241 0.4809479 0.6131547 0.4914926 0.5999739 0.4829983 0.5586739 0.5552003 0.5318726 0.5531498 0.5491543 0.5528569 0.5586739 0.5552003 0.5491543 0.5528569 0.5555983 0.5505138 0.6156443 0.5052592 0.609054 0.5026231 0.6176949 0.5032089 0.5601329 0.5423066 0.5586739 0.5552003 0.5555983 0.5505138 0.615684 0.5069915 0.6156443 0.5052592 0.6176949 0.5032089 0.5601329 0.5423066 0.5555983 0.5505138 0.5550125 0.5446555 0.6160187 0.5216054 0.615684 0.5069915 0.6176949 0.5032089 0.5601329 0.5423066 0.5624815 0.5393831 0.5724404 0.5396761 0.6160187 0.5216054 0.6176949 0.5032089 0.6172556 0.5291314 0.6160838 0.5244447 0.6160187 0.5216054 0.6172556 0.5291314 0.6160838 0.5244447 0.6172556 0.5291314 0.5882575 0.5263487 0.5753696 0.5402619 0.5601329 0.5423066 0.5724404 0.5396761 0.5856212 0.522248 0.6160838 0.5244447 0.5882575 0.5263487 0.575516 0.5303029 0.5728798 0.5319139 0.5728798 0.5267881 0.5843033 0.5267881 0.5856212 0.522248 0.5882575 0.5263487 0.6178319 0.4541767 0.6268076 0.4644276 0.6162303 0.4655701 0.6234064 0.4727464 0.6330724 0.4737716 0.6131547 0.4914926 0.6082186 0.4639371 0.6178319 0.4541767 0.6162303 0.4655701 0.6162303 0.4655701 0.6234064 0.4727464 0.6031957 0.4802156 0.6234064 0.4727464 0.6131547 0.4914926 0.6031957 0.4802156 0.6131547 0.4914926 0.6020241 0.4809479 0.6031957 0.4802156 0.6059624 0.4640842 0.6082186 0.4639371 0.6014384 0.4784581 0.6082186 0.4639371 0.6162303 0.4655701 0.6031957 0.4802156 0.6087581 0.4610433 0.6074339 0.4626619 0.6066981 0.4587381 0.6074339 0.4626619 0.6059134 0.4626128 0.6066981 0.4587381 0.6082186 0.4639371 0.6031957 0.4802156 0.6014384 0.4784581 0.6059134 0.4626128 0.6059624 0.4640842 0.6018728 0.4643238 0.6059624 0.4640842 0.6014384 0.4784581 0.6018728 0.4643238 0.6128624 0.449297 0.6139081 0.4509886 0.6066981 0.4587381 0.6066981 0.4587381 0.6059134 0.4626128 0.6022512 0.4616119 0.6059134 0.4626128 0.6018728 0.4643238 0.6022512 0.4616119 0.6014384 0.4784581 0.5920655 0.4791904 0.6000502 0.4641662 0.6018728 0.4643238 0.6014384 0.4784581 0.6000502 0.4641662 0.6022512 0.4616119 0.6128624 0.449297 0.6066981 0.4587381 0.5860919 0.4803658 0.6000502 0.4641662 0.5920655 0.4791904 0.5787466 0.4847447 0.5782522 0.4803658 0.5822074 0.484886 0.5782522 0.4803658 0.5860919 0.4803658 0.5822074 0.484886 0.5933835 0.4887099 0.5966054 0.4926642 0.5955802 0.4944216 0.5860919 0.4803658 0.5920655 0.4791904 0.5933835 0.4887099 0.5733788 0.4908893 0.573167 0.4871461 0.5823486 0.4872873 0.5823486 0.4872873 0.5822074 0.484886 0.5860919 0.4803658 0.5860919 0.4803658 0.5933835 0.4887099 0.5823486 0.4872873 0.5933835 0.4887099 0.5955802 0.4944216 0.5823486 0.4872873 0.5968983 0.4973507 0.5999738 0.4939823 0.6034888 0.5020372 0.5999738 0.4939823 0.6062713 0.5021837 0.6034888 0.5020372 0.5955802 0.4944216 0.5968983 0.4973507 0.5919368 0.5100996 0.5823486 0.4872873 0.5955802 0.4944216 0.5919368 0.5100996 0.5735815 0.5222321 0.5733788 0.4908893 0.5919368 0.5100996 0.5733788 0.4908893 0.5823486 0.4872873 0.5919368 0.5100996 0.5968983 0.4973507 0.6034888 0.5020372 0.6015849 0.502916 0.5968983 0.4973507 0.6015849 0.502916 0.5919368 0.5100996 0.6027566 0.5051129 0.6156443 0.5052592 0.6081815 0.5065683 0.6156443 0.5052592 0.615684 0.5069915 0.6081815 0.5065683 0.5489306 0.5161148 0.5466595 0.5159438 0.5467991 0.509434 0.5465448 0.5212997 0.5466281 0.5174133 0.5487539 0.5172917 0.5724794 0.5214689 0.5465448 0.5212997 0.5487539 0.5172917 0.5675293 0.5104053 0.5725275 0.5095239 0.5724794 0.5214689 0.5726019 0.4910306 0.5725353 0.5075797 0.5700605 0.499164 0.5725353 0.5075797 0.5676472 0.5081099 0.5700605 0.499164 0.5675293 0.5104053 0.5724794 0.5214689 0.5487539 0.5172917 0.5676472 0.5081099 0.5675293 0.5104053 0.5467991 0.509434 0.5675293 0.5104053 0.5487539 0.5172917 0.5489306 0.5161148 0.5675293 0.5104053 0.5489306 0.5161148 0.5467991 0.509434 0.5662348 0.4996935 0.5700605 0.499164 0.5676472 0.5081099 0.5350107 0.5401706 0.5347641 0.545539 0.5316432 0.5129757 0.5531085 0.5427514 0.5391714 0.5424035 0.5387872 0.5400235 0.5387872 0.5400235 0.5350107 0.5401706 0.5414596 0.5334192 0.5350107 0.5401706 0.5316432 0.5129757 0.5414596 0.5324872 0.5414596 0.5334192 0.5350107 0.5401706 0.5414596 0.5324872 0.5316432 0.5129757 0.5372345 0.5130934 0.5414596 0.5324872 0.552815 0.5338172 0.5531085 0.5427514 0.5414596 0.5334192 0.5531085 0.5427514 0.5387872 0.5400235 0.5414596 0.5334192 0.5372345 0.5130934 0.5376465 0.4897862 0.5447652 0.5096036 0.5376465 0.4897862 0.5662348 0.4996935 0.5467991 0.509434 0.5662348 0.4996935 0.5676472 0.5081099 0.5467991 0.509434 0.5414596 0.5324872 0.5372345 0.5130934 0.545528 0.5221472 0.5553054 0.5314748 0.5552201 0.5328438 0.5414596 0.5324872 0.5376465 0.4897862 0.5467991 0.509434 0.5447652 0.5096036 0.5447652 0.5096036 0.545528 0.5221472 0.5372345 0.5130934 0.5724404 0.5396761 0.5624815 0.5393831 0.5673146 0.532207 0.5624815 0.5393831 0.5611634 0.5319138 0.5673146 0.532207 0.5673146 0.532207 0.5718547 0.5344037 0.5724404 0.5396761 0.5728798 0.5267881 0.5728798 0.5319139 0.5673146 0.532207 0.5856212 0.522248 0.5843033 0.5267881 0.5735815 0.5222321 0.5843033 0.5267881 0.5728798 0.5267881 0.5735815 0.5222321 0.6160187 0.5216054 0.6160838 0.5244447 0.6008358 0.5212588 0.6160838 0.5244447 0.5856212 0.522248 0.6008358 0.5212588 0.5956799 0.5194931 0.6006237 0.520058 0.6008358 0.5212588 0.5956799 0.5194931 0.6008358 0.5212588 0.5856212 0.522248 0.5927134 0.5129247 0.5955389 0.5153258 0.5956799 0.5194931 0.6081815 0.5065683 0.6059918 0.5097465 0.6027566 0.5051129 0.6059918 0.5097465 0.5919368 0.5100996 0.6027566 0.5051129 0.5927134 0.5129247 0.5956799 0.5194931 0.5856212 0.522248 0.5919368 0.5100996 0.5927134 0.5129247 0.5856212 0.522248 0.5919368 0.5100996 0.5856212 0.522248 0.5735815 0.5222321 0.5553054 0.5314748 0.5414596 0.5324872 0.545528 0.5221472 0.5553054 0.5314748 0.545528 0.5221472 0.5611634 0.5319138 0.545528 0.5221472 0.5735815 0.5222321 0.5611634 0.5319138 0.6015849 0.502916 0.6027566 0.5051129 0.5919368 0.5100996 0.5728798 0.5267881 0.5673146 0.532207 0.5611634 0.5319138 0.5726019 0.4910306 0.5733788 0.4908893 0.5725353 0.5075797 0.5733788 0.4908893 0.5735815 0.5222321 0.5725353 0.5075797 0.545528 0.5221472 0.5447652 0.5096036 0.5466281 0.5174133 0.5447652 0.5096036 0.5467991 0.509434 0.5466595 0.5159438 0.5466281 0.5174133 0.5447652 0.5096036 0.5466595 0.5159438 0.5724794 0.5214689 0.5725275 0.5095239 0.5735815 0.5222321 0.5725275 0.5095239 0.5725353 0.5075797 0.5735815 0.5222321 0.545528 0.5221472 0.5466281 0.5174133 0.5465448 0.5212997 0.545528 0.5221472 0.5465448 0.5212997 0.5724794 0.5214689 0.5551594 0.5338183 0.552815 0.5338172 0.5552201 0.5328438 0.552815 0.5338172 0.5414596 0.5334192 0.5414596 0.5324872 0.4955104 0.5460759 0.5316432 0.5129757 0.5116645 0.5531716 0.5316432 0.5129757 0.5347641 0.545539 0.5116645 0.5531716 0.5347641 0.545539 0.5350183 0.5479124 0.5298224 0.5505138 0.5287969 0.5528568 0.5116645 0.5531716 0.5298224 0.5505138 0.5298224 0.5505138 0.5116645 0.5531716 0.5347641 0.545539 0.5491543 0.5528569 0.5318726 0.5531498 0.5388321 0.5478274 0.5318726 0.5531498 0.5323119 0.5510994 0.5388321 0.5478274 0.5323119 0.5510994 0.5298224 0.5505138 0.5350183 0.5479124 0.5388321 0.5478274 0.5550125 0.5446555 0.5491543 0.5509531 0.5550125 0.5446555 0.5555983 0.5505138 0.5491543 0.5509531 0.5323119 0.5510994 0.5350183 0.5479124 0.5388321 0.5478274 0.5350183 0.5479124 0.5347641 0.545539 0.5384933 0.5452002 0.5347641 0.545539 0.5350107 0.5401706 0.5353574 0.5420641 0.5391714 0.5424035 0.5531085 0.5427514 0.5384933 0.5452002 0.5531085 0.5427514 0.5550125 0.5446555 0.5388321 0.5478274 0.5384933 0.5452002 0.5531085 0.5427514 0.5388321 0.5478274 0.5347641 0.545539 0.5353574 0.5420641 0.5384933 0.5452002 0.5353574 0.5420641 0.5350107 0.5401706 0.5387872 0.5400235 0.4961494 0.4904678 0.4949089 0.4904928 0.4949651 0.4813112 0.4949651 0.4813112 0.4933173 0.4801341 0.4937881 0.4796044 0.5215093 0.4788096 0.5281628 0.4833354 0.5256295 0.4834888 0.5250998 0.4860786 0.5251421 0.4898833 0.5220394 0.4881975 0.5251421 0.4898833 0.5221065 0.4899445 0.5220394 0.4881975 0.5215093 0.4788096 0.5256295 0.4834888 0.5210388 0.4810758 0.5256295 0.4834888 0.5250998 0.4860786 0.5232164 0.4856666 0.4961424 0.4802518 0.4961494 0.4904678 0.4949651 0.4813112 0.5109742 0.4835478 0.5078549 0.4831947 0.5080315 0.4799575 0.4961424 0.4802518 0.4949651 0.4813112 0.4937881 0.4796044 0.5116806 0.4797222 0.5109742 0.4835478 0.5080315 0.4799575 0.5080315 0.4799575 0.4961424 0.4802518 0.4937881 0.4796044 0.5250998 0.4860786 0.5220394 0.4881975 0.5232164 0.4856666 0.5080315 0.4799575 0.4937881 0.4796044 0.5116806 0.4797222 0.4937881 0.4796044 0.5215093 0.4788096 0.5116806 0.4797222 0.5198615 0.4800163 0.5160947 0.4800162 0.5215093 0.4788096 0.5160947 0.4800162 0.5116806 0.4797222 0.5215093 0.4788096 0.5256295 0.4834888 0.5232164 0.4856666 0.5210388 0.4810758 0.5221065 0.4899445 0.4961494 0.4904678 0.5109742 0.4835478 0.4961494 0.4904678 0.4961424 0.4802518 0.5078549 0.4831947 0.4961424 0.4802518 0.5080315 0.4799575 0.5078549 0.4831947 0.5109742 0.4835478 0.5116806 0.4797222 0.5160947 0.4800162 0.4961494 0.4904678 0.5078549 0.4831947 0.5109742 0.4835478 0.5109742 0.4835478 0.5160947 0.4800162 0.5220394 0.4881975 0.5160947 0.4800162 0.5198615 0.4800163 0.5210388 0.4810758 0.5210388 0.4810758 0.5232164 0.4856666 0.5220394 0.4881975 0.5220394 0.4881975 0.5221065 0.4899445 0.5109742 0.4835478 0.5328791 0.4897273 0.5251421 0.4898833 0.5250998 0.4860786 0.5250998 0.4860786 0.5256295 0.4834888 0.5281628 0.4833354 0.5281628 0.4833354 0.5376465 0.4897862 0.5328791 0.4897273 0.4935271 0.5452048 0.4959001 0.5057095 0.4955104 0.5460759 0.4959001 0.5057095 0.5213918 0.5054424 0.5216861 0.5090915 0.4959001 0.5057095 0.5216861 0.5090915 0.4955104 0.5460759 0.5316432 0.5129757 0.4955104 0.5460759 0.5230987 0.5096213 0.5251588 0.4913758 0.5251421 0.4898833 0.5328791 0.4897273 0.4961494 0.4904678 0.5221065 0.4899445 0.4972399 0.491024 0.5221065 0.4899445 0.522157 0.491258 0.4972399 0.491024 0.522157 0.491258 0.5251588 0.4913758 0.5228633 0.4949071 0.4972399 0.491024 0.522157 0.491258 0.5206856 0.5003808 0.4972399 0.491024 0.4961498 0.4911602 0.4961494 0.4904678 0.4963201 0.5034562 0.4962521 0.4922842 0.4977507 0.503456 0.4962521 0.4922842 0.4970355 0.4920117 0.4977507 0.503456 0.4970355 0.4920117 0.4972399 0.491024 0.5206856 0.5003808 0.4977507 0.503456 0.4970355 0.4920117 0.5206856 0.5003808 0.5211567 0.5041478 0.4987385 0.5048867 0.5206856 0.5003808 0.4987385 0.5048867 0.4977507 0.503456 0.5206856 0.5003808 0.522157 0.491258 0.5228633 0.4949071 0.5206856 0.5003808 0.5228633 0.4949071 0.5231575 0.496967 0.5206856 0.5003808 0.5277484 0.4974969 0.5253354 0.4970849 0.5252764 0.494495 0.4955104 0.5460759 0.5216861 0.5090915 0.5230987 0.5096213 0.5230987 0.5096213 0.5247467 0.5085029 0.5266887 0.5092093 0.5228633 0.4949071 0.5251588 0.4913758 0.5252764 0.494495 0.5251588 0.4913758 0.5328791 0.4897273 0.5252764 0.494495 0.5316432 0.5129757 0.5230987 0.5096213 0.5266887 0.5092093 0.5266889 0.5047951 0.5255707 0.503971 0.5269832 0.5019699 0.5316432 0.5129757 0.5266887 0.5092093 0.5266889 0.5047951 0.5277484 0.4974969 0.5252764 0.494495 0.5328791 0.4897273 0.5250411 0.5013813 0.5257472 0.4997923 0.5269832 0.5019699 0.5257472 0.4997923 0.528337 0.499086 0.5269832 0.5019699 0.528337 0.499086 0.5277484 0.4974969 0.5328791 0.4897273 0.5328791 0.4897273 0.5316432 0.5129757 0.528337 0.499086 0.5316432 0.5129757 0.5266889 0.5047951 0.528337 0.499086 0.5251421 0.4898833 0.5251588 0.4913758 0.522157 0.491258 0.4949089 0.4904928 0.4961494 0.4904678 0.4961498 0.4911602 0.4961498 0.4911602 0.4972399 0.491024 0.4970355 0.4920117 0.4961498 0.4911602 0.4970355 0.4920117 0.4962521 0.4922842 0.4959001 0.5057095 0.4949089 0.4904928 0.4963201 0.5034562 0.4949089 0.4904928 0.4961498 0.4911602 0.4962521 0.4922842 0.5230987 0.5096213 0.5216861 0.5090915 0.5247467 0.5085029 0.5216861 0.5090915 0.5213918 0.5054424 0.5247467 0.5085029 0.4949089 0.4904928 0.4962521 0.4922842 0.4963201 0.5034562 0.4963201 0.5034562 0.4977507 0.503456 0.4959001 0.5057095 0.4977507 0.503456 0.4987385 0.5048867 0.4959001 0.5057095 0.5211567 0.5041478 0.5206856 0.5003808 0.5250411 0.5013813 0.5206856 0.5003808 0.5231575 0.496967 0.5257472 0.4997923 0.5250411 0.5013813 0.5206856 0.5003808 0.5257472 0.4997923 0.4959001 0.5057095 0.4987385 0.5048867 0.5213918 0.5054424 0.4987385 0.5048867 0.5211567 0.5041478 0.5213918 0.5054424 0.5266887 0.5092093 0.5247467 0.5085029 0.5266889 0.5047951 0.5247467 0.5085029 0.5213918 0.5054424 0.5255707 0.503971 0.5266889 0.5047951 0.5247467 0.5085029 0.5255707 0.503971 0.5231575 0.496967 0.5228633 0.4949071 0.5252764 0.494495 0.5213918 0.5054424 0.5211567 0.5041478 0.5255707 0.503971 0.5250411 0.5013813 0.5269832 0.5019699 0.5255707 0.503971 0.5211567 0.5041478 0.5250411 0.5013813 0.5255707 0.503971 0.5231575 0.496967 0.5252764 0.494495 0.5253354 0.4970849 0.5253354 0.4970849 0.5277484 0.4974969 0.5257472 0.4997923 0.5277484 0.4974969 0.528337 0.499086 0.5257472 0.4997923 0.5281628 0.4833354 0.5215093 0.4788096 0.5286902 0.4786038 0.5286902 0.4786038 0.5371065 0.4783683 0.5336341 0.4806637 0.5371065 0.4783683 0.5376363 0.4794278 0.5352821 0.4803695 0.5376363 0.4794278 0.5439929 0.4793689 0.5438752 0.4807815 0.5371066 0.4807226 0.5371655 0.4821941 0.5356352 0.481782 0.5376363 0.4794278 0.5438752 0.4807815 0.5371066 0.4807226 0.5295141 0.4832535 0.5281628 0.4833354 0.5303381 0.4804872 0.5281628 0.4833354 0.5286902 0.4786038 0.5303381 0.4804872 0.533693 0.4830181 0.5318096 0.4832535 0.5336341 0.4806637 0.5318096 0.4832535 0.5303381 0.4804872 0.5336341 0.4806637 0.5371065 0.4783683 0.5352821 0.4803695 0.5336341 0.4806637 0.5376363 0.4794278 0.5371066 0.4807226 0.5352821 0.4803695 0.5371066 0.4807226 0.5356352 0.481782 0.5352821 0.4803695 0.6081815 0.5065683 0.6160187 0.5216054 0.6059918 0.5097465 0.6160187 0.5216054 0.6008358 0.5212588 0.6006237 0.520058 0.6006237 0.520058 0.5956799 0.5194931 0.5955389 0.5153258 0.6160187 0.5216054 0.6006237 0.520058 0.6059918 0.5097465 0.5927134 0.5129247 0.5919368 0.5100996 0.5955389 0.5153258 0.5919368 0.5100996 0.6059918 0.5097465 0.5955389 0.5153258 0.4353158 0.4343847 0.4355983 0.4365742 0.4334795 0.4350204 0.4355983 0.4365742 0.4335501 0.4367861 0.4334795 0.4350204 0.4320669 0.4350203 0.4318551 0.4361504 0.410959 0.4280982 0.4353158 0.4343847 0.4334795 0.4350204 0.4320669 0.4350203 0.4355983 0.4365742 0.4353158 0.4343847 0.4377877 0.4344554 0.4318551 0.4361504 0.4320669 0.4350203 0.4334795 0.4350204 0.4335501 0.4367861 0.4355983 0.4365742 0.4379997 0.4367861 0.4379997 0.4367861 0.4584591 0.4359231 0.4585443 0.438223 0.4379997 0.4367861 0.4585443 0.438223 0.4647686 0.451648 0.4335501 0.4367861 0.4379997 0.4367861 0.4582344 0.4701012 0.4379997 0.4367861 0.4647686 0.451648 0.4582344 0.4701012 0.4647686 0.451648 0.4700166 0.4565298 0.4582344 0.4701012 0.4582344 0.4701012 0.410959 0.4280982 0.4318551 0.4361504 0.4318551 0.4361504 0.4335501 0.4367861 0.4582344 0.4701012 0.4700166 0.4565298 0.481733 0.4632423 0.4582344 0.4701012 0.4611915 0.4909607 0.4489954 0.4792624 0.4582344 0.4701012 0.4582344 0.4701012 0.481733 0.4632423 0.4792712 0.4825498 0.481733 0.4632423 0.4892997 0.4643407 0.4792712 0.4825498 0.4792712 0.4825498 0.4611915 0.4909607 0.4582344 0.4701012 0.4949089 0.4904928 0.4832986 0.4907269 0.4933173 0.4801341 0.4832986 0.4907269 0.4792712 0.4825498 0.4933173 0.4801341 0.4933173 0.4801341 0.4949651 0.4813112 0.4949089 0.4904928 0.4960444 0.464517 0.4960067 0.4614629 0.5215093 0.4788096 0.4792712 0.4825498 0.4892997 0.4643407 0.4933173 0.4801341 0.4892997 0.4643407 0.4960444 0.464517 0.4937881 0.4796044 0.4937881 0.4796044 0.4933173 0.4801341 0.4892997 0.4643407 0.4364333 0.4000473 0.4281342 0.4009016 0.4351745 0.3885471 0.4281342 0.4009016 0.4302306 0.3844507 0.4351745 0.3885471 0.4541507 0.4311444 0.4583003 0.4316325 0.4584591 0.4359231 0.4570797 0.4245541 0.4574458 0.429802 0.4541507 0.4296798 0.4541507 0.4311444 0.4584591 0.4359231 0.4376537 0.4217714 0.4537846 0.4240658 0.4570797 0.4245541 0.4541507 0.4296798 0.4541507 0.4296798 0.4541507 0.4311444 0.4376537 0.4217714 0.4364333 0.4000473 0.4351745 0.3885471 0.4465839 0.4017315 0.4351745 0.3885471 0.4389177 0.3847332 0.4465839 0.4017315 0.4541507 0.4296798 0.4376537 0.4217714 0.4537846 0.4240658 0.4376537 0.4217714 0.4364333 0.4000473 0.4465839 0.4017315 0.4534183 0.421503 0.4376537 0.4217714 0.4529302 0.4134479 0.4534183 0.421503 0.4537846 0.4240658 0.4376537 0.4217714 0.4580563 0.4095423 0.4587883 0.4140582 0.4529302 0.4134479 0.4529302 0.4134479 0.4376537 0.4217714 0.4465839 0.4017315 0.4389177 0.3847332 0.4431666 0.3746375 0.4465839 0.4017315 0.4580563 0.4095423 0.4529302 0.4134479 0.4465839 0.4017315 0.4665994 0.4128376 0.4611074 0.413936 0.4611073 0.4091763 0.4611073 0.4091763 0.4580563 0.4095423 0.4465839 0.4017315 0.4659892 0.4081999 0.4665994 0.4128376 0.4611073 0.4091763 0.4738 0.4122274 0.4686739 0.4124715 0.468308 0.4083219 0.4659892 0.4081999 0.4611073 0.4091763 0.4465839 0.4017315 0.473922 0.4074676 0.4738 0.4122274 0.468308 0.4083219 0.468308 0.4083219 0.4659892 0.4081999 0.473922 0.4074676 0.4659892 0.4081999 0.4465839 0.4017315 0.48979 0.3985566 0.4906427 0.4075894 0.4927177 0.4255297 0.4861266 0.411495 0.4927177 0.4255297 0.487469 0.4260184 0.4861266 0.411495 0.4861266 0.411495 0.4840517 0.4116173 0.4834415 0.4066133 0.4659892 0.4081999 0.48979 0.3985566 0.473922 0.4074676 0.48979 0.3985566 0.4906427 0.4075894 0.4834415 0.4066133 0.4906427 0.4075894 0.4861266 0.411495 0.4834415 0.4066133 0.4763631 0.4075896 0.473922 0.4074676 0.48979 0.3985566 0.4819771 0.4108849 0.4759967 0.4116172 0.4763631 0.4075896 0.48979 0.3985566 0.4834415 0.4066133 0.4820991 0.4064913 0.4820991 0.4064913 0.4819771 0.4108849 0.4763631 0.4075896 0.4371201 0.3755523 0.4389177 0.3847332 0.4303011 0.382261 0.4389177 0.3847332 0.4351745 0.3885471 0.4302306 0.3844507 0.5726019 0.4910306 0.5700605 0.499164 0.5696485 0.4966918 0.5666466 0.4973393 0.5662348 0.4996935 0.5613721 0.4942089 0.5662348 0.4996935 0.5376465 0.4897862 0.5564988 0.4939264 0.5726019 0.4910306 0.5696485 0.4966918 0.5673755 0.4920194 0.5696485 0.4966918 0.5666466 0.4973393 0.5673755 0.4920194 0.5673755 0.4920194 0.5670223 0.4910306 0.5726019 0.4910306 0.5607365 0.4885587 0.564621 0.4882055 0.5642678 0.4917369 0.5613721 0.4942089 0.5607365 0.4885587 0.5642678 0.4917369 0.5642678 0.4917369 0.5673755 0.4920194 0.5666466 0.4973393 0.5376465 0.4897862 0.549224 0.4861573 0.5550156 0.4932907 0.549224 0.4861573 0.5509191 0.486016 0.5550156 0.4932907 0.5550156 0.4932907 0.5560044 0.49322 0.5564988 0.4939264 0.5613721 0.4942089 0.5642678 0.4917369 0.5666466 0.4973393 0.5376465 0.4897862 0.5550156 0.4932907 0.5564988 0.4939264 0.5666466 0.4973393 0.5696485 0.4966918 0.5700605 0.499164 0.5725275 0.5095239 0.5675293 0.5104053 0.5676472 0.5081099 0.4941092 0.4565485 0.493972 0.4600788 0.4959598 0.4576517 0.493972 0.4600788 0.4960067 0.4614629 0.4959598 0.4576517 0.4970759 0.4565483 0.4941092 0.4565485 0.4959598 0.4576517 0.5368229 0.4640796 0.5451217 0.4639578 0.5375032 0.4611252 0.5451217 0.4639578 0.54561 0.4626152 0.5375032 0.4611252 0.5498815 0.4624931 0.5504914 0.4661547 0.554153 0.4638358 0.5504914 0.4661547 0.5539088 0.4661548 0.554153 0.4638358 0.554153 0.4638358 0.5621163 0.4638645 0.5574557 0.4617888 0.5621163 0.4638645 0.5642699 0.4615832 0.5587907 0.4610287 0.5621163 0.4638645 0.5587907 0.4610287 0.5574557 0.4617888 0.5925971 0.4295411 0.5936662 0.4304426 0.5946988 0.4293488 0.5946988 0.4293488 0.5922755 0.4268988 0.5925971 0.4295411 0.5922755 0.4268988 0.5586565 0.4273223 0.559523 0.4292971 0.5925971 0.4295411 0.5922755 0.4268988 0.559523 0.4292971 0.559523 0.4292971 0.5586565 0.4273223 0.5574557 0.4617888 0.4970759 0.4565483 0.4959598 0.4576517 0.4980783 0.4574825 0.5587907 0.4610287 0.559523 0.4292971 0.5574557 0.4617888 0.4970759 0.4565483 0.4980783 0.4574825 0.4979925 0.4467198 0.5498815 0.4624931 0.554153 0.4638358 0.5574557 0.4617888 0.5498815 0.4624931 0.5574557 0.4617888 0.5375032 0.4611252 0.54561 0.4626152 0.5498815 0.4624931 0.5375032 0.4611252 0.4972441 0.4446839 0.4970759 0.4565483 0.4979925 0.4467198 0.4972441 0.4446839 0.4979925 0.4467198 0.5052825 0.4465492 0.5351138 0.4583438 0.5368229 0.4640796 0.5375032 0.4611252 0.5072461 0.4442592 0.4972441 0.4446839 0.5052825 0.4465492 0.5351138 0.4583438 0.5375032 0.4611252 0.5352151 0.455955 0.5070769 0.4633286 0.5072461 0.4442592 0.5052825 0.4465492 0.5318188 0.4583438 0.5351138 0.4583438 0.5352151 0.455955 0.5070769 0.4633286 0.5052825 0.4465492 0.5056213 0.4646869 0.5318188 0.4583438 0.5352151 0.455955 0.5306379 0.456379 0.5301295 0.4629051 0.5070769 0.4633286 0.5056213 0.4646869 0.5318188 0.4583438 0.5306379 0.456379 0.5301295 0.4629051 0.5301295 0.4629051 0.5056213 0.4646869 0.5319797 0.4640086 0.5587907 0.4610287 0.5642699 0.4615832 0.559523 0.4292971 0.5642699 0.4615832 0.5936662 0.4304426 0.5925971 0.4295411 0.5946988 0.4293488 0.5936662 0.4304426 0.5965031 0.4328358 0.595404 0.4584659 0.5922316 0.4578549 0.5957605 0.4592286 0.5922316 0.4578549 0.5919873 0.4634693 0.5957605 0.4592286 0.5919873 0.4634693 0.6000502 0.4641662 0.5957605 0.4592286 0.6000502 0.4641662 0.6022512 0.4616119 0.5957605 0.4592286 0.6022512 0.4616119 0.6026042 0.4590768 0.5957605 0.4592286 0.5972812 0.4334296 0.6107672 0.4483911 0.6122403 0.4482913 0.5965031 0.4328358 0.595404 0.4584659 0.5972812 0.4334296 0.595404 0.4584659 0.5957605 0.4592286 0.5972812 0.4334296 0.6122403 0.4482913 0.6128624 0.449297 0.6135914 0.4484509 0.5946988 0.4293488 0.5965031 0.4328358 0.5972812 0.4334296 0.5972812 0.4334296 0.6122403 0.4482913 0.6135914 0.4484509 0.6026042 0.4590768 0.6022512 0.4616119 0.6128624 0.449297 0.6128624 0.449297 0.6122403 0.4482913 0.6107672 0.4483911 0.6107672 0.4483911 0.5972812 0.4334296 0.5957605 0.4592286 0.5957605 0.4592286 0.6026042 0.4590768 0.6107672 0.4483911 0.6295577 0.4655702 0.6281318 0.4631523 0.6268076 0.4644276 0.6020241 0.4809479 0.6031957 0.4802156 0.6014384 0.4784581 0.6014384 0.4784581 0.5920655 0.4791904 0.5999739 0.4829983 0.5920655 0.4791904 0.5933835 0.4887099 0.5977772 0.4863667 0.5999739 0.4829983 0.5920655 0.4791904 0.5977772 0.4863667 0.5966054 0.4926642 0.5955802 0.4944216 0.5999738 0.4939823 0.5955802 0.4944216 0.5968983 0.4973507 0.5999738 0.4939823 0.6020241 0.4809479 0.6014384 0.4784581 0.5999739 0.4829983 0.6062713 0.5021837 0.6034888 0.5020372 0.6027566 0.5051129 0.6034888 0.5020372 0.6015849 0.502916 0.6027566 0.5051129 0.5933835 0.4887099 0.5966054 0.4926642 0.5977772 0.4863667 0.5966054 0.4926642 0.5999738 0.4939823 0.5977772 0.4863667 0.6062713 0.5021837 0.6027566 0.5051129 0.609054 0.5026231 0.6027566 0.5051129 0.6156443 0.5052592 0.609054 0.5026231 0.6295577 0.4655702 0.6268076 0.4644276 0.6207705 0.4665954 0.6268076 0.4644276 0.6162303 0.4655701 0.6207705 0.4665954 0.5728798 0.5319139 0.5673146 0.532207 0.5718547 0.5344037 0.5728798 0.5319139 0.5718547 0.5344037 0.575516 0.5303029 0.5718547 0.5344037 0.5724404 0.5396761 0.5753696 0.5402619 0.6207705 0.4665954 0.6162303 0.4655701 0.6234064 0.4727464 0.6254569 0.4702568 0.6207705 0.4665954 0.6234064 0.4727464 0.6254569 0.4702568 0.6234064 0.4727464 0.6330724 0.4737716 0.609054 0.5026231 0.607736 0.4974972 0.6062713 0.5021837 0.607736 0.4974972 0.5977772 0.4863667 0.5999738 0.4939823 0.575516 0.5303029 0.5851821 0.530303 0.5843033 0.5267881 0.5851821 0.530303 0.5882575 0.5263487 0.5843033 0.5267881 0.4955104 0.5460759 0.4935297 0.5478904 0.5082935 0.5559326 0.5116645 0.5531716 0.4955104 0.5460759 0.5082935 0.5559326 0.6370269 0.4717212 0.6254569 0.4702568 0.6330724 0.4737716 0.6370269 0.4717212 0.6330724 0.4737716 0.6112508 0.4957396 0.6330724 0.4737716 0.6131547 0.4914926 0.6112508 0.4957396 0.5116645 0.5531716 0.5082935 0.5559326 0.5287969 0.5528568 0.5082935 0.5559326 0.5586739 0.5552003 0.5318726 0.5531498 0.5323119 0.5510994 0.5298224 0.5505138 0.5318726 0.5531498 0.5298224 0.5505138 0.5287969 0.5528568 0.5318726 0.5531498 0.5624815 0.5393831 0.5611634 0.5319138 0.5551594 0.5338183 0.5611634 0.5319138 0.5553054 0.5314748 0.5552201 0.5328438 0.5551594 0.5338183 0.5611634 0.5319138 0.5552201 0.5328438 0.5551594 0.5338183 0.552815 0.5338172 0.5531085 0.5427514 0.5551594 0.5338183 0.5531085 0.5427514 0.5601329 0.5423066 0.5531085 0.5427514 0.5550125 0.5446555 0.5601329 0.5423066 0.5624815 0.5393831 0.5551594 0.5338183 0.5601329 0.5423066 0.5555983 0.5505138 0.5491543 0.5509531 0.5491543 0.5528569 0.6112508 0.4957396 0.6131547 0.4914926 0.5999739 0.4829983 0.6131547 0.4914926 0.6020241 0.4809479 0.5999739 0.4829983 0.5318726 0.5531498 0.5287969 0.5528568 0.5082935 0.5559326 0.607736 0.4974972 0.5999738 0.4939823 0.6062713 0.5021837 0.5491543 0.5528569 0.5318726 0.5531498 0.5586739 0.5552003 0.5555983 0.5505138 0.5491543 0.5528569 0.5586739 0.5552003 0.5555983 0.5505138 0.5586739 0.5552003 0.5601329 0.5423066 0.5550125 0.5446555 0.5555983 0.5505138 0.5601329 0.5423066 0.5724404 0.5396761 0.5624815 0.5393831 0.5601329 0.5423066 0.6176949 0.5032089 0.609054 0.5026231 0.6156443 0.5052592 0.6176949 0.5032089 0.6156443 0.5052592 0.615684 0.5069915 0.5724404 0.5396761 0.5601329 0.5423066 0.5753696 0.5402619 0.5718547 0.5344037 0.5753696 0.5402619 0.575516 0.5303029 0.6176949 0.5032089 0.615684 0.5069915 0.6160187 0.5216054 0.5728798 0.5267881 0.5728798 0.5319139 0.575516 0.5303029 0.5843033 0.5267881 0.5728798 0.5267881 0.575516 0.5303029 0.6176949 0.5032089 0.6160187 0.5216054 0.6172556 0.5291314 0.6160187 0.5216054 0.6160838 0.5244447 0.6172556 0.5291314 0.5856212 0.522248 0.5843033 0.5267881 0.5882575 0.5263487 0.6160838 0.5244447 0.5856212 0.522248 0.5882575 0.5263487 0.5414596 0.5334192 0.552815 0.5338172 0.5414596 0.5324872 0.552815 0.5338172 0.5551594 0.5338183 0.5552201 0.5328438 0.5350183 0.5479124 0.5388321 0.5478274 0.5384933 0.5452002 0.5384933 0.5452002 0.5388321 0.5478274 0.5531085 0.5427514 0.5388321 0.5478274 0.5550125 0.5446555 0.5531085 0.5427514 0.5531085 0.5427514 0.5391714 0.5424035 0.5384933 0.5452002 0.5353574 0.5420641 0.5350107 0.5401706 0.5347641 0.545539 0.5391714 0.5424035 0.5353574 0.5420641 0.5384933 0.5452002 0.5353574 0.5420641 0.5391714 0.5424035 0.5387872 0.5400235 0.4949651 0.4813112 0.4949089 0.4904928 0.4961494 0.4904678 0.4949651 0.4813112 0.4961494 0.4904678 0.4961424 0.4802518 0.4937881 0.4796044 0.4933173 0.4801341 0.4949651 0.4813112 0.5256295 0.4834888 0.5281628 0.4833354 0.5215093 0.4788096 0.5221065 0.4899445 0.5251421 0.4898833 0.5220394 0.4881975 0.5251421 0.4898833 0.5250998 0.4860786 0.5220394 0.4881975 0.5250998 0.4860786 0.5256295 0.4834888 0.5232164 0.4856666 0.5256295 0.4834888 0.5215093 0.4788096 0.5210388 0.4810758 0.4937881 0.4796044 0.4949651 0.4813112 0.4961424 0.4802518 0.5080315 0.4799575 0.5078549 0.4831947 0.5109742 0.4835478 0.4937881 0.4796044 0.4961424 0.4802518 0.5080315 0.4799575 0.5232164 0.4856666 0.5220394 0.4881975 0.5250998 0.4860786 0.5215093 0.4788096 0.4937881 0.4796044 0.5116806 0.4797222 0.4937881 0.4796044 0.5080315 0.4799575 0.5116806 0.4797222 0.5080315 0.4799575 0.5109742 0.4835478 0.5116806 0.4797222 0.5116806 0.4797222 0.5160947 0.4800162 0.5215093 0.4788096 0.5160947 0.4800162 0.5198615 0.4800163 0.5215093 0.4788096 0.5210388 0.4810758 0.5232164 0.4856666 0.5256295 0.4834888 0.4961424 0.4802518 0.4961494 0.4904678 0.5078549 0.4831947 0.4961494 0.4904678 0.5221065 0.4899445 0.5109742 0.4835478 0.5078549 0.4831947 0.4961494 0.4904678 0.5109742 0.4835478 0.5220394 0.4881975 0.5232164 0.4856666 0.5210388 0.4810758 0.5221065 0.4899445 0.5220394 0.4881975 0.5109742 0.4835478 0.5078549 0.4831947 0.5080315 0.4799575 0.4961424 0.4802518 0.5160947 0.4800162 0.5116806 0.4797222 0.5109742 0.4835478 0.5198615 0.4800163 0.5160947 0.4800162 0.5210388 0.4810758 0.5160947 0.4800162 0.5109742 0.4835478 0.5220394 0.4881975</float_array>
          <technique_common>
            <accessor source="#indoor_environment-mesh-map-0-array" count="6201" stride="2">
              <param name="S" type="float"/>
              <param name="T" type="float"/>
            </accessor>
          </technique_common>
        </source>
        <vertices id="indoor_environment-mesh-vertices">
          <input semantic="POSITION" source="#indoor_environment-mesh-positions"/>
        </vertices>
        <triangles material="indoor_environment-material" count="820">
          <input semantic="VERTEX" source="#indoor_environment-mesh-vertices" offset="0"/>
          <input semantic="NORMAL" source="#indoor_environment-mesh-normals" offset="1"/>
          <input semantic="TEXCOORD" source="#indoor_environment-mesh-map-0" offset="2" set="0"/>
          <p>3 1117 3741 1 1117 3742 0 1117 3743 18 1118 3744 16 1118 3745 15 1118 3746 28 1119 3747 30 1119 3748 29 1119 3749 30 1120 3750 169 1120 3751 164 1120 3752 31 1121 3753 33 1121 3754 32 1121 3755 32 1122 3756 33 1122 3757 92 1122 3758 52 1123 3759 41 1123 3760 49 1123 3761 64 1124 3762 65 1124 3763 36 1124 3764 81 1125 3765 82 1125 3766 75 1125 3767 339 1126 3768 32 1126 3769 79 1126 3770 85 1127 3771 88 1127 3772 89 1127 3773 92 1128 3774 94 1128 3775 95 1128 3776 131 1129 3777 130 1129 3778 113 1129 3779 120 1130 3780 101 1130 3781 308 1130 3782 124 1131 3783 102 1131 3784 123 1131 3785 144 1132 3786 143 1132 3787 139 1132 3788 101 1133 3789 137 1133 3790 6 1133 3791 102 1134 3792 137 1134 3793 101 1134 3794 142 1135 3795 145 1135 3796 99 1135 3797 155 1136 3798 150 1136 3799 148 1136 3800 98 1137 3801 147 1137 3802 97 1137 3803 61 1138 3804 96 1138 3805 159 1138 3806 105 1139 3807 96 1139 3808 36 1139 3809 172 1140 3810 173 1140 3811 170 1140 3812 234 26 3813 199 26 3814 200 26 3815 199 1141 3816 193 1141 3817 244 1141 3818 244 1142 3819 243 1142 3820 239 1142 3821 245 1143 3822 190 1143 3823 247 1143 3824 186 1144 3825 185 1144 3826 248 1144 3827 249 1145 3828 251 1145 3829 248 1145 3830 253 1146 3831 252 1146 3832 251 1146 3833 253 1147 3834 255 1147 3835 252 1147 3836 260 1148 3837 269 1148 3838 270 1148 3839 271 1149 3840 269 1149 3841 267 1149 3842 266 1150 3843 261 1150 3844 1 1150 3845 284 1151 3846 289 1151 3847 287 1151 3848 259 1152 3849 296 1152 3850 258 1152 3851 279 1153 3852 282 1153 3853 285 1153 3854 313 26 3855 316 26 3856 304 26 3857 324 1154 3858 322 1154 3859 327 1154 3860 318 1155 3861 326 1155 3862 319 1155 3863 92 1156 3864 330 1156 3865 334 1156 3866 329 1157 3867 331 1157 3868 328 1157 3869 333 1158 3870 335 1158 3871 332 1158 3872 158 1159 3873 260 1159 3874 264 1159 3875 75 1160 3876 58 1160 3877 55 1160 3878 77 1161 3879 337 1161 3880 336 1161 3881 340 26 3882 337 26 3883 339 26 3884 12 1162 3885 13 1162 3886 342 1162 3887 343 1163 3888 341 1163 3889 342 1163 3890 346 1164 3891 347 1164 3892 345 1164 3893 350 1165 3894 353 1165 3895 352 1165 3896 352 1166 3897 353 1166 3898 351 1166 3899 352 1167 3900 351 1167 3901 349 1167 3902 352 1168 3903 349 1168 3904 350 1168 3905 466 1169 3906 467 1169 3907 485 1169 3908 477 1170 3909 456 1170 3910 478 1170 3911 458 1171 3912 498 1171 3913 454 1171 3914 496 1172 3915 453 1172 3916 499 1172 3917 556 1173 3918 586 1173 3919 585 1173 3920 601 1174 3921 544 1174 3922 599 1174 3923 603 1175 3924 605 1175 3925 604 1175 3926 607 1176 3927 604 1176 3928 605 1176 3929 607 1177 3930 609 1177 3931 608 1177 3932 624 1178 3933 623 1178 3934 614 1178 3935 621 1179 3936 623 1179 3937 625 1179 3938 704 1180 3939 706 1180 3940 707 1180 3941 706 1181 3942 705 1181 3943 707 1181 3944 706 1182 3945 703 1182 3946 705 1182 3947 706 1183 3948 704 1183 3949 703 1183 3950 3 1184 3951 2 1184 3952 1 1184 3953 8 1185 3954 7 1185 3955 9 1185 3956 7 1186 3957 6 1186 3958 15 1186 3959 9 1187 3960 7 1187 3961 14 1187 3962 5 1188 3963 4 1188 3964 26 1188 3965 6 1189 3966 5 1189 3967 25 1189 3968 7 1190 3969 15 1190 3970 14 1190 3971 11 1191 3972 10 1191 3973 9 1191 3974 5 1192 3975 26 1192 3976 25 1192 3977 24 1193 3978 23 1193 3979 22 1193 3980 6 1194 3981 25 1194 3982 15 1194 3983 24 1195 3984 22 1195 3985 21 1195 3986 25 1196 3987 24 1196 3988 21 1196 3989 13 1197 3990 12 1197 3991 11 1197 3992 25 1198 3993 21 1198 3994 15 1198 3995 21 1199 3996 20 1199 3997 19 1199 3998 18 1200 3999 17 1200 4000 16 1200 4001 21 1201 4002 19 1201 4003 18 1201 4004 13 1202 4005 11 1202 4006 14 1202 4007 11 1203 4008 9 1203 4009 14 1203 4010 21 1204 4011 18 1204 4012 15 1204 4013 28 1205 4014 27 1205 4015 30 1205 4016 30 1206 4017 27 1206 4018 169 1206 4019 27 1207 4020 256 1207 4021 171 1207 4022 171 1208 4023 256 1208 4024 172 1208 4025 256 1209 4026 174 1209 4027 172 1209 4028 174 1210 4029 173 1210 4030 172 1210 4031 69 1211 4032 29 1211 4033 84 1211 4034 29 1212 4035 30 1212 4036 84 1212 4037 171 1213 4038 170 1213 4039 169 1213 4040 27 1214 4041 171 1214 4042 169 1214 4043 86 1215 4044 85 1215 4045 30 1215 4046 85 1216 4047 84 1216 4048 30 1216 4049 162 1217 4050 87 1217 4051 86 1217 4052 164 1218 4053 163 1218 4054 162 1218 4055 167 1219 4056 166 1219 4057 165 1219 4058 164 1220 4059 162 1220 4060 86 1220 4061 168 1221 4062 167 1221 4063 165 1221 4064 164 1222 4065 86 1222 4066 30 1222 4067 168 1223 4068 165 1223 4069 169 1223 4070 165 1224 4071 164 1224 4072 169 1224 4073 31 1225 4074 34 1225 4075 33 1225 4076 33 1226 4077 34 1226 4078 330 1226 4079 34 1227 4080 35 1227 4081 331 1227 4082 35 1228 4083 328 1228 4084 331 1228 4085 331 1229 4086 330 1229 4087 34 1229 4088 330 1230 4089 92 1230 4090 33 1230 4091 92 1231 4092 91 1231 4093 32 1231 4094 91 1232 4095 90 1232 4096 32 1232 4097 90 1233 4098 67 1233 4099 32 1233 4100 36 1234 4101 35 1234 4102 66 1234 4103 35 1235 4104 37 1235 4105 66 1235 4106 37 1236 4107 38 1236 4108 40 1236 4109 38 1237 4110 39 1237 4111 40 1237 4112 59 1238 4113 60 1238 4114 57 1238 4115 60 1239 4116 66 1239 4117 56 1239 4118 57 1240 4119 60 1240 4120 56 1240 4121 57 1241 4122 58 1241 4123 59 1241 4124 54 1242 4125 55 1242 4126 56 1242 4127 53 1243 4128 54 1243 4129 56 1243 4130 66 1244 4131 37 1244 4132 52 1244 4133 37 1245 4134 40 1245 4135 41 1245 4136 41 1246 4137 42 1246 4138 43 1246 4139 37 1247 4140 41 1247 4141 52 1247 4142 53 1248 4143 56 1248 4144 66 1248 4145 50 1249 4146 51 1249 4147 49 1249 4148 51 1250 4149 52 1250 4150 49 1250 4151 52 1251 4152 53 1251 4153 66 1251 4154 41 1252 4155 43 1252 4156 45 1252 4157 43 1253 4158 44 1253 4159 45 1253 4160 45 1254 4161 46 1254 4162 48 1254 4163 46 26 4164 47 26 4165 48 26 4166 41 1255 4167 45 1255 4168 48 1255 4169 41 1256 4170 48 1256 4171 49 1256 4172 35 1257 4173 36 1257 4174 65 1257 4175 36 1258 4176 96 1258 4177 62 1258 4178 96 1259 4179 61 1259 4180 62 1259 4181 62 1260 4182 63 1260 4183 36 1260 4184 63 1261 4185 64 1261 4186 36 1261 4187 66 1262 4188 60 1262 4189 72 1262 4190 60 1263 4191 71 1263 4192 72 1263 4193 79 1264 4194 67 1264 4195 78 1264 4196 67 1265 4197 68 1265 4198 78 1265 4199 77 1266 4200 336 1266 4201 80 1266 4202 336 1267 4203 78 1267 4204 80 1267 4205 83 1268 4206 66 1268 4207 73 1268 4208 66 1269 4209 72 1269 4210 73 1269 4211 73 1270 4212 74 1270 4213 83 1270 4214 74 1271 4215 75 1271 4216 82 1271 4217 83 1272 4218 74 1272 4219 82 1272 4220 78 1273 4221 68 1273 4222 80 1273 4223 77 1274 4224 80 1274 4225 81 1274 4226 76 1275 4227 77 1275 4228 81 1275 4229 75 1276 4230 76 1276 4231 81 1276 4232 32 1277 4233 67 1277 4234 79 1277 4235 79 1278 4236 78 1278 4237 340 1278 4238 78 1279 4239 336 1279 4240 340 1279 4241 340 1280 4242 339 1280 4243 79 1280 4244 70 1281 4245 69 1281 4246 84 1281 4247 85 1282 4248 86 1282 4249 87 1282 4250 89 1283 4251 70 1283 4252 84 1283 4253 85 1284 4254 87 1284 4255 88 1284 4256 89 1285 4257 84 1285 4258 85 1285 4259 68 1286 4260 67 1286 4261 91 1286 4262 67 1287 4263 90 1287 4264 91 1287 4265 69 1288 4266 70 1288 4267 94 1288 4268 68 1289 4269 91 1289 4270 95 1289 4271 91 1290 4272 92 1290 4273 95 1290 4274 93 1291 4275 69 1291 4276 94 1291 4277 92 1292 4278 93 1292 4279 94 1292 4280 106 1293 4281 105 1293 4282 107 1293 4283 105 1294 4284 136 1294 4285 107 1294 4286 117 1295 4287 116 1295 4288 128 1295 4289 116 1296 4290 115 1296 4291 128 1296 4292 120 1297 4293 119 1297 4294 121 1297 4295 119 1298 4296 118 1298 4297 121 1298 4298 102 1299 4299 101 1299 4300 122 1299 4301 101 1300 4302 121 1300 4303 127 1300 4304 122 1301 4305 101 1301 4306 127 1301 4307 104 1302 4308 103 1302 4309 124 1302 4310 126 1303 4311 125 1303 4312 123 1303 4313 125 1304 4314 104 1304 4315 124 1304 4316 125 1305 4317 124 1305 4318 123 1305 4319 127 1306 4320 126 1306 4321 123 1306 4322 108 1307 4323 107 1307 4324 135 1307 4325 107 1308 4326 136 1308 4327 135 1308 4328 109 1309 4329 108 1309 4330 135 1309 4331 127 1310 4332 123 1310 4333 122 1310 4334 109 1311 4335 135 1311 4336 134 1311 4337 127 1312 4338 121 1312 4339 118 1312 4340 128 1313 4341 127 1313 4342 118 1313 4343 128 1314 4344 118 1314 4345 117 1314 4346 109 1315 4347 134 1315 4348 110 1315 4349 134 1316 4350 133 1316 4351 110 1316 4352 110 1317 4353 133 1317 4354 132 1317 4355 111 1318 4356 110 1318 4357 132 1318 4358 128 1319 4359 115 1319 4360 114 1319 4361 111 1320 4362 132 1320 4363 131 1320 4364 129 1321 4365 128 1321 4366 114 1321 4367 112 1322 4368 111 1322 4369 131 1322 4370 129 1323 4371 114 1323 4372 113 1323 4373 113 1324 4374 112 1324 4375 131 1324 4376 130 1325 4377 129 1325 4378 113 1325 4379 260 1326 4380 106 1326 4381 111 1326 4382 106 1327 4383 107 1327 4384 108 1327 4385 111 1328 4386 106 1328 4387 108 1328 4388 108 1329 4389 109 1329 4390 110 1329 4391 307 1330 4392 306 1330 4393 305 1330 4394 310 1331 4395 309 1331 4396 308 1331 4397 313 26 4398 312 26 4399 311 26 4400 314 26 4401 313 26 4402 311 26 4403 314 26 4404 311 26 4405 310 26 4406 317 26 4407 316 26 4408 315 26 4409 314 26 4410 310 26 4411 0 26 4412 310 1332 4413 308 1332 4414 0 1332 4415 261 1333 4416 317 1333 4417 0 1333 4418 317 26 4419 315 26 4420 0 26 4421 120 1334 4422 121 1334 4423 101 1334 4424 117 1335 4425 118 1335 4426 116 1335 4427 118 1336 4428 119 1336 4429 116 1336 4430 113 1337 4431 114 1337 4432 112 1337 4433 114 1338 4434 115 1338 4435 112 1338 4436 115 1339 4437 116 1339 4438 305 1339 4439 116 1340 4440 119 1340 4441 307 1340 4442 305 1341 4443 116 1341 4444 307 1341 4445 108 1342 4446 110 1342 4447 111 1342 4448 111 1343 4449 112 1343 4450 260 1343 4451 112 1344 4452 115 1344 4453 305 1344 4454 304 1345 4455 112 1345 4456 305 1345 4457 112 1346 4458 304 1346 4459 260 1346 4460 0 26 4461 315 26 4462 314 26 4463 119 1347 4464 120 1347 4465 307 1347 4466 308 1348 4467 307 1348 4468 120 1348 4469 101 1349 4470 0 1349 4471 308 1349 4472 103 1350 4473 102 1350 4474 124 1350 4475 102 1351 4476 122 1351 4477 123 1351 4478 100 1352 4479 99 1352 4480 146 1352 4481 146 1353 4482 145 1353 4483 144 1353 4484 143 1354 4485 142 1354 4486 98 1354 4487 100 1355 4488 146 1355 4489 144 1355 4490 143 1356 4491 98 1356 4492 97 1356 4493 104 1357 4494 100 1357 4495 144 1357 4496 143 1358 4497 97 1358 4498 141 1358 4499 103 1359 4500 104 1359 4501 138 1359 4502 104 1360 4503 144 1360 4504 138 1360 4505 143 1361 4506 141 1361 4507 140 1361 4508 139 1362 4509 138 1362 4510 144 1362 4511 143 1363 4512 140 1363 4513 139 1363 4514 102 1364 4515 103 1364 4516 140 1364 4517 103 1365 4518 138 1365 4519 140 1365 4520 138 1366 4521 139 1366 4522 140 1366 4523 141 1367 4524 97 1367 4525 4 1367 4526 97 1368 4527 26 1368 4528 4 1368 4529 140 1369 4530 141 1369 4531 137 1369 4532 4 1370 4533 5 1370 4534 6 1370 4535 141 1371 4536 4 1371 4537 137 1371 4538 137 1372 4539 102 1372 4540 140 1372 4541 7 1373 4542 8 1373 4543 0 1373 4544 4 1374 4545 6 1374 4546 137 1374 4547 7 1375 4548 0 1375 4549 101 1375 4550 7 1376 4551 101 1376 4552 6 1376 4553 99 1377 4554 98 1377 4555 142 1377 4556 142 1378 4557 143 1378 4558 145 1378 4559 143 1379 4560 144 1379 4561 145 1379 4562 145 1380 4563 146 1380 4564 99 1380 4565 99 1381 4566 100 1381 4567 148 1381 4568 100 1382 4569 157 1382 4570 155 1382 4571 157 1383 4572 156 1383 4573 155 1383 4574 155 1384 4575 154 1384 4576 150 1384 4577 154 1385 4578 153 1385 4579 151 1385 4580 153 1386 4581 152 1386 4582 151 1386 4583 150 1387 4584 149 1387 4585 148 1387 4586 154 1388 4587 151 1388 4588 150 1388 4589 100 1389 4590 155 1389 4591 148 1389 4592 105 1390 4593 106 1390 4594 159 1390 4595 106 1391 4596 158 1391 4597 159 1391 4598 158 1392 4599 61 1392 4600 159 1392 4601 105 1393 4602 159 1393 4603 96 1393 4604 87 1394 4605 162 1394 4606 178 1394 4607 162 1395 4608 163 1395 4609 178 1395 4610 163 1396 4611 164 1396 4612 166 1396 4613 164 1397 4614 165 1397 4615 166 1397 4616 88 1398 4617 87 1398 4618 179 1398 4619 178 1399 4620 179 1399 4621 87 1399 4622 161 1400 4623 176 1400 4624 175 1400 4625 176 1401 4626 177 1401 4627 175 1401 4628 178 1402 4629 163 1402 4630 166 1402 4631 178 1403 4632 166 1403 4633 177 1403 4634 166 1404 4635 167 1404 4636 177 1404 4637 168 1405 4638 169 1405 4639 173 1405 4640 169 1406 4641 170 1406 4642 173 1406 4643 177 1407 4644 167 1407 4645 174 1407 4646 167 1408 4647 168 1408 4648 174 1408 4649 175 1409 4650 160 1409 4651 161 1409 4652 173 1410 4653 174 1410 4654 168 1410 4655 174 1411 4656 175 1411 4657 177 1411 4658 171 1412 4659 172 1412 4660 170 1412 4661 156 1413 4662 157 1413 4663 221 1413 4664 156 1414 4665 221 1414 4666 222 1414 4667 214 1415 4668 215 1415 4669 216 1415 4670 212 1416 4671 213 1416 4672 227 1416 4673 213 1417 4674 214 1417 4675 226 1417 4676 209 1418 4677 210 1418 4678 208 1418 4679 210 1419 4680 211 1419 4681 208 1419 4682 213 1420 4683 226 1420 4684 227 1420 4685 214 1421 4686 216 1421 4687 226 1421 4688 205 1422 4689 206 1422 4690 204 1422 4691 206 1423 4692 207 1423 4693 204 1423 4694 208 1424 4695 211 1424 4696 227 1424 4697 211 1425 4698 212 1425 4699 227 1425 4700 203 1426 4701 204 1426 4702 229 1426 4703 204 1427 4704 207 1427 4705 229 1427 4706 220 1428 4707 156 1428 4708 222 1428 4709 220 1429 4710 222 1429 4711 219 1429 4712 222 1430 4713 223 1430 4714 219 1430 4715 196 1431 4716 197 1431 4717 198 1431 4718 195 1432 4719 196 1432 4720 235 1432 4721 196 1433 4722 198 1433 4723 234 1433 4724 235 1434 4725 196 1434 4726 234 1434 4727 227 1435 4728 228 1435 4729 208 1435 4730 228 1436 4731 229 1436 4732 207 1436 4733 208 1437 4734 228 1437 4735 207 1437 4736 232 1438 4737 233 1438 4738 200 1438 4739 233 26 4740 234 26 4741 200 26 4742 238 1439 4743 161 1439 4744 160 1439 4745 238 1440 4746 160 1440 4747 180 1440 4748 219 1441 4749 223 1441 4750 218 1441 4751 223 1442 4752 224 1442 4753 218 1442 4754 237 1443 4755 238 1443 4756 184 1443 4757 238 1444 4758 180 1444 4759 181 1444 4760 184 1445 4761 238 1445 4762 181 1445 4763 181 1446 4764 182 1446 4765 184 1446 4766 182 1447 4767 183 1447 4768 184 1447 4769 218 1448 4770 224 1448 4771 225 1448 4772 217 1449 4773 218 1449 4774 225 1449 4775 217 1450 4776 225 1450 4777 226 1450 4778 192 1451 4779 193 1451 4780 245 1451 4781 193 1452 4782 194 1452 4783 191 1452 4784 191 1453 4785 245 1453 4786 193 1453 4787 189 1454 4788 190 1454 4789 191 1454 4790 188 1455 4791 189 1455 4792 236 1455 4793 189 1456 4794 191 1456 4795 236 1456 4796 191 1457 4797 194 1457 4798 236 1457 4799 185 1458 4800 186 1458 4801 187 1458 4802 216 1459 4803 217 1459 4804 226 1459 4805 237 1460 4806 184 1460 4807 185 1460 4808 237 1461 4809 185 1461 4810 187 1461 4811 203 1462 4812 229 1462 4813 230 1462 4814 236 1463 4815 237 1463 4816 187 1463 4817 319 1464 4818 203 1464 4819 230 1464 4820 236 1465 4821 187 1465 4822 188 1465 4823 318 1466 4824 319 1466 4825 230 1466 4826 236 1467 4827 194 1467 4828 195 1467 4829 318 1468 4830 230 1468 4831 231 1468 4832 202 1469 4833 318 1469 4834 231 1469 4835 202 1470 4836 231 1470 4837 232 1470 4838 235 1471 4839 236 1471 4840 195 1471 4841 201 1472 4842 202 1472 4843 232 1472 4844 234 1473 4845 198 1473 4846 199 1473 4847 200 1474 4848 201 1474 4849 232 1474 4850 155 1475 4851 156 1475 4852 220 1475 4853 219 1476 4854 218 1476 4855 217 1476 4856 154 1477 4857 155 1477 4858 220 1477 4859 220 1478 4860 219 1478 4861 215 1478 4862 219 1479 4863 217 1479 4864 215 1479 4865 217 1480 4866 216 1480 4867 215 1480 4868 153 1481 4869 154 1481 4870 214 1481 4871 154 1482 4872 220 1482 4873 215 1482 4874 150 1483 4875 151 1483 4876 149 1483 4877 151 1484 4878 152 1484 4879 149 1484 4880 154 1485 4881 215 1485 4882 214 1485 4883 152 1486 4884 153 1486 4885 147 1486 4886 153 1487 4887 214 1487 4888 147 1487 4889 99 1488 4890 148 1488 4891 149 1488 4892 149 1489 4893 152 1489 4894 98 1489 4895 152 1490 4896 147 1490 4897 98 1490 4898 214 1491 4899 213 1491 4900 97 1491 4901 147 1492 4902 214 1492 4903 97 1492 4904 98 1493 4905 99 1493 4906 149 1493 4907 26 1494 4908 97 1494 4909 213 1494 4910 24 1495 4911 25 1495 4912 23 1495 4913 25 1496 4914 26 1496 4915 23 1496 4916 212 1497 4917 211 1497 4918 210 1497 4919 26 1498 4920 213 1498 4921 212 1498 4922 20 1499 4923 21 1499 4924 22 1499 4925 22 1500 4926 23 1500 4927 26 1500 4928 26 1501 4929 212 1501 4930 22 1501 4931 212 1502 4932 210 1502 4933 22 1502 4934 209 1503 4935 208 1503 4936 206 1503 4937 208 1504 4938 207 1504 4939 206 1504 4940 210 1505 4941 209 1505 4942 320 1505 4943 22 1506 4944 210 1506 4945 320 1506 4946 244 1507 4947 20 1507 4948 320 1507 4949 20 1508 4950 22 1508 4951 320 1508 4952 209 1509 4953 206 1509 4954 205 1509 4955 209 1510 4956 205 1510 4957 320 1510 4958 204 1511 4959 203 1511 4960 326 1511 4961 203 1512 4962 319 1512 4963 326 1512 4964 353 1513 4965 350 1513 4966 241 1513 4967 240 1514 4968 349 1514 4969 351 1514 4970 239 1515 4971 240 1515 4972 351 1515 4973 348 1516 4974 346 1516 4975 239 1516 4976 19 1517 4977 345 1517 4978 341 1517 4979 345 1518 4980 347 1518 4981 341 1518 4982 348 1519 4983 239 1519 4984 351 1519 4985 347 1520 4986 348 1520 4987 241 1520 4988 348 1521 4989 351 1521 4990 353 1521 4991 348 1522 4992 353 1522 4993 241 1522 4994 342 1523 4995 341 1523 4996 347 1523 4997 254 1524 4998 250 1524 4999 2 1524 5000 189 1525 5001 252 1525 5002 255 1525 5003 255 1526 5004 254 1526 5005 246 1526 5006 254 1527 5007 2 1527 5008 247 1527 5009 246 1528 5010 254 1528 5011 247 1528 5012 2 1529 5013 3 1529 5014 247 1529 5015 190 1530 5016 189 1530 5017 246 1530 5018 189 1531 5019 255 1531 5020 246 1531 5021 3 1532 5022 0 1532 5023 242 1532 5024 0 1533 5025 342 1533 5026 241 1533 5027 342 1534 5028 347 1534 5029 241 1534 5030 247 1535 5031 3 1535 5032 243 1535 5033 192 1536 5034 245 1536 5035 247 1536 5036 0 1537 5037 241 1537 5038 242 1537 5039 242 1538 5040 243 1538 5041 3 1538 5042 195 1539 5043 194 1539 5044 197 1539 5045 194 1540 5046 193 1540 5047 197 1540 5048 197 1541 5049 196 1541 5050 195 1541 5051 199 1542 5052 198 1542 5053 197 1542 5054 201 1543 5055 200 1543 5056 244 1543 5057 200 26 5058 199 26 5059 244 26 5060 318 1544 5061 202 1544 5062 325 1544 5063 202 1545 5064 201 1545 5065 325 1545 5066 323 1546 5067 324 1546 5068 325 1546 5069 323 1547 5070 325 1547 5071 201 1547 5072 321 1548 5073 322 1548 5074 323 1548 5075 326 1549 5076 327 1549 5077 204 1549 5078 327 1550 5079 320 1550 5080 204 1550 5081 321 1551 5082 323 1551 5083 201 1551 5084 320 1552 5085 321 1552 5086 201 1552 5087 320 1553 5088 201 1553 5089 244 1553 5090 192 1554 5091 247 1554 5092 243 1554 5093 192 1555 5094 243 1555 5095 193 1555 5096 243 1556 5097 244 1556 5098 193 1556 5099 205 1557 5100 204 1557 5101 320 1557 5102 199 1558 5103 197 1558 5104 193 1558 5105 19 1559 5106 20 1559 5107 345 1559 5108 20 1560 5109 244 1560 5110 345 1560 5111 243 1561 5112 242 1561 5113 349 1561 5114 242 1562 5115 241 1562 5116 350 1562 5117 349 1563 5118 242 1563 5119 350 1563 5120 239 1564 5121 346 1564 5122 244 1564 5123 346 1565 5124 345 1565 5125 244 1565 5126 243 1566 5127 349 1566 5128 240 1566 5129 243 1567 5130 240 1567 5131 239 1567 5132 191 1568 5133 190 1568 5134 245 1568 5135 190 1569 5136 246 1569 5137 247 1569 5138 160 1570 5139 2 1570 5140 180 1570 5141 2 1571 5142 250 1571 5143 180 1571 5144 250 1572 5145 249 1572 5146 182 1572 5147 181 1573 5148 180 1573 5149 182 1573 5150 182 1574 5151 180 1574 5152 250 1574 5153 185 1575 5154 184 1575 5155 248 1575 5156 184 1576 5157 183 1576 5158 248 1576 5159 183 1577 5160 182 1577 5161 249 1577 5162 248 1578 5163 188 1578 5164 186 1578 5165 188 1579 5166 187 1579 5167 186 1579 5168 183 1580 5169 249 1580 5170 248 1580 5171 249 1581 5172 250 1581 5173 251 1581 5174 250 1582 5175 254 1582 5176 253 1582 5177 252 1583 5178 189 1583 5179 251 1583 5180 189 1584 5181 188 1584 5182 248 1584 5183 251 1585 5184 189 1585 5185 248 1585 5186 250 1586 5187 253 1586 5188 251 1586 5189 253 1587 5190 254 1587 5191 255 1587 5192 257 1588 5193 256 1588 5194 262 1588 5195 262 1589 5196 263 1589 5197 264 1589 5198 260 1590 5199 261 1590 5200 265 1590 5201 266 1591 5202 259 1591 5203 267 1591 5204 259 1592 5205 258 1592 5206 267 1592 5207 260 1593 5208 265 1593 5209 269 1593 5210 265 1594 5211 266 1594 5212 268 1594 5213 276 1595 5214 257 1595 5215 262 1595 5216 273 1596 5217 274 1596 5218 275 1596 5219 276 1597 5220 262 1597 5221 264 1597 5222 272 1598 5223 273 1598 5224 275 1598 5225 275 1599 5226 276 1599 5227 264 1599 5228 266 1600 5229 267 1600 5230 268 1600 5231 275 1601 5232 264 1601 5233 272 1601 5234 264 1602 5235 260 1602 5236 272 1602 5237 270 1603 5238 271 1603 5239 260 1603 5240 271 1604 5241 272 1604 5242 260 1604 5243 265 1605 5244 268 1605 5245 269 1605 5246 258 1606 5247 257 1606 5248 273 1606 5249 257 1607 5250 276 1607 5251 274 1607 5252 276 1608 5253 275 1608 5254 274 1608 5255 273 1609 5256 272 1609 5257 271 1609 5258 257 1610 5259 274 1610 5260 273 1610 5261 273 1611 5262 271 1611 5263 267 1611 5264 271 1612 5265 270 1612 5266 269 1612 5267 269 1613 5268 268 1613 5269 267 1613 5270 267 1614 5271 258 1614 5272 273 1614 5273 1 1615 5274 259 1615 5275 266 1615 5276 266 1616 5277 265 1616 5278 261 1616 5279 261 1617 5280 0 1617 5281 1 1617 5282 175 1618 5283 174 1618 5284 160 1618 5285 174 1619 5286 294 1619 5287 293 1619 5288 174 1620 5289 293 1620 5290 160 1620 5291 2 1621 5292 160 1621 5293 292 1621 5294 295 1622 5295 259 1622 5296 1 1622 5297 257 1623 5298 258 1623 5299 298 1623 5300 258 1624 5301 296 1624 5302 298 1624 5303 296 1625 5304 295 1625 5305 280 1625 5306 298 1626 5307 296 1626 5308 278 1626 5309 298 1627 5310 297 1627 5311 257 1627 5312 301 1628 5313 300 1628 5314 302 1628 5315 300 1629 5316 299 1629 5317 302 1629 5318 299 1630 5319 298 1630 5320 278 1630 5321 302 1631 5322 299 1631 5323 278 1631 5324 277 1632 5325 303 1632 5326 278 1632 5327 303 1633 5328 302 1633 5329 278 1633 5330 296 1634 5331 280 1634 5332 278 1634 5333 280 1635 5334 279 1635 5335 278 1635 5336 283 1636 5337 282 1636 5338 281 1636 5339 160 1637 5340 293 1637 5341 292 1637 5342 292 1638 5343 291 1638 5344 290 1638 5345 280 1639 5346 295 1639 5347 281 1639 5348 295 1640 5349 1 1640 5350 281 1640 5351 2 1641 5352 292 1641 5353 290 1641 5354 289 1642 5355 288 1642 5356 287 1642 5357 2 1643 5358 290 1643 5359 289 1643 5360 283 1644 5361 281 1644 5362 1 1644 5363 286 1645 5364 285 1645 5365 287 1645 5366 285 1646 5367 284 1646 5368 287 1646 5369 284 1647 5370 283 1647 5371 1 1647 5372 1 1648 5373 2 1648 5374 284 1648 5375 2 1649 5376 289 1649 5377 284 1649 5378 259 1650 5379 295 1650 5380 296 1650 5381 256 1651 5382 257 1651 5383 297 1651 5384 297 1652 5385 298 1652 5386 299 1652 5387 297 1653 5388 299 1653 5389 300 1653 5390 174 1654 5391 256 1654 5392 301 1654 5393 256 1655 5394 297 1655 5395 300 1655 5396 292 1656 5397 293 1656 5398 291 1656 5399 293 1657 5400 294 1657 5401 291 1657 5402 256 1658 5403 300 1658 5404 301 1658 5405 301 1659 5406 302 1659 5407 174 1659 5408 302 1660 5409 303 1660 5410 174 1660 5411 277 1661 5412 278 1661 5413 286 1661 5414 278 1662 5415 279 1662 5416 285 1662 5417 286 1663 5418 278 1663 5419 285 1663 5420 174 1664 5421 303 1664 5422 294 1664 5423 303 1665 5424 277 1665 5425 294 1665 5426 290 1666 5427 291 1666 5428 289 1666 5429 291 1667 5430 294 1667 5431 288 1667 5432 289 1668 5433 291 1668 5434 288 1668 5435 279 1669 5436 280 1669 5437 281 1669 5438 294 1670 5439 277 1670 5440 288 1670 5441 286 1671 5442 287 1671 5443 288 1671 5444 277 1672 5445 286 1672 5446 288 1672 5447 279 1673 5448 281 1673 5449 282 1673 5450 282 1674 5451 283 1674 5452 285 1674 5453 283 1675 5454 284 1675 5455 285 1675 5456 261 1676 5457 260 1676 5458 304 1676 5459 304 1677 5460 305 1677 5461 313 1677 5462 305 1678 5463 306 1678 5464 312 1678 5465 306 1679 5466 307 1679 5467 308 1679 5468 309 26 5469 310 26 5470 311 26 5471 306 1680 5472 308 1680 5473 309 1680 5474 317 1681 5475 261 1681 5476 316 1681 5477 261 1682 5478 304 1682 5479 316 1682 5480 314 26 5481 315 26 5482 313 26 5483 315 26 5484 316 26 5485 313 26 5486 305 1683 5487 312 1683 5488 313 1683 5489 306 26 5490 309 26 5491 312 26 5492 309 26 5493 311 26 5494 312 26 5495 326 1684 5496 318 1684 5497 327 1684 5498 318 1685 5499 325 1685 5500 324 1685 5501 324 1686 5502 323 1686 5503 322 1686 5504 318 1687 5505 324 1687 5506 327 1687 5507 321 1688 5508 320 1688 5509 322 1688 5510 320 1689 5511 327 1689 5512 322 1689 5513 330 1690 5514 329 1690 5515 335 1690 5516 329 1691 5517 332 1691 5518 335 1691 5519 334 1692 5520 333 1692 5521 92 1692 5522 330 1693 5523 335 1693 5524 334 1693 5525 329 1694 5526 330 1694 5527 331 1694 5528 333 1695 5529 334 1695 5530 335 1695 5531 332 1696 5532 329 1696 5533 328 1696 5534 328 1697 5535 35 1697 5536 65 1697 5537 328 1698 5538 65 1698 5539 64 1698 5540 332 1699 5541 328 1699 5542 93 1699 5543 328 1700 5544 64 1700 5545 93 1700 5546 64 1701 5547 63 1701 5548 93 1701 5549 93 1702 5550 92 1702 5551 333 1702 5552 333 1703 5553 332 1703 5554 93 1703 5555 63 1704 5556 62 1704 5557 93 1704 5558 29 1705 5559 69 1705 5560 93 1705 5561 93 1706 5562 62 1706 5563 28 1706 5564 62 1707 5565 61 1707 5566 28 1707 5567 28 1708 5568 29 1708 5569 93 1708 5570 256 1709 5571 27 1709 5572 263 1709 5573 27 1710 5574 28 1710 5575 263 1710 5576 263 1711 5577 262 1711 5578 256 1711 5579 158 1712 5580 106 1712 5581 260 1712 5582 28 1713 5583 61 1713 5584 263 1713 5585 61 1714 5586 158 1714 5587 264 1714 5588 264 1715 5589 263 1715 5590 61 1715 5591 31 1716 5592 32 1716 5593 338 1716 5594 32 1717 5595 339 1717 5596 338 1717 5597 38 1718 5598 37 1718 5599 35 1718 5600 41 1719 5601 40 1719 5602 39 1719 5603 38 1720 5604 35 1720 5605 34 1720 5606 42 1721 5607 41 1721 5608 39 1721 5609 39 1722 5610 38 1722 5611 34 1722 5612 31 1723 5613 338 1723 5614 76 1723 5615 338 1724 5616 337 1724 5617 76 1724 5618 39 1725 5619 34 1725 5620 42 1725 5621 34 1726 5622 31 1726 5623 76 1726 5624 43 1727 5625 34 1727 5626 44 1727 5627 43 1728 5628 42 1728 5629 34 1728 5630 46 1729 5631 45 1729 5632 44 1729 5633 44 1730 5634 34 1730 5635 76 1730 5636 337 1731 5637 77 1731 5638 76 1731 5639 46 1732 5640 44 1732 5641 76 1732 5642 49 26 5643 48 26 5644 47 26 5645 47 1733 5646 46 1733 5647 76 1733 5648 50 26 5649 49 26 5650 47 26 5651 53 1734 5652 52 1734 5653 51 1734 5654 50 1735 5655 47 1735 5656 76 1735 5657 54 1736 5658 53 1736 5659 51 1736 5660 51 1737 5661 50 1737 5662 54 1737 5663 50 1738 5664 76 1738 5665 75 1738 5666 74 1739 5667 73 1739 5668 71 1739 5669 73 1740 5670 72 1740 5671 71 1740 5672 71 1741 5673 60 1741 5674 59 1741 5675 50 1742 5676 75 1742 5677 54 1742 5678 75 1743 5679 74 1743 5680 59 1743 5681 74 1744 5682 71 1744 5683 59 1744 5684 55 1745 5685 54 1745 5686 75 1745 5687 57 1746 5688 56 1746 5689 55 1746 5690 75 1747 5691 59 1747 5692 58 1747 5693 58 1748 5694 57 1748 5695 55 1748 5696 336 1749 5697 337 1749 5698 340 1749 5699 337 26 5700 338 26 5701 339 26 5702 19 1750 5703 341 1750 5704 344 1750 5705 343 1751 5706 342 1751 5707 13 1751 5708 342 1752 5709 0 1752 5710 12 1752 5711 19 1753 5712 344 1753 5713 17 1753 5714 344 1754 5715 343 1754 5716 17 1754 5717 17 1755 5718 18 1755 5719 19 1755 5720 14 1756 5721 15 1756 5722 16 1756 5723 13 1757 5724 14 1757 5725 16 1757 5726 16 1758 5727 17 1758 5728 343 1758 5729 0 1759 5730 8 1759 5731 10 1759 5732 8 1760 5733 9 1760 5734 10 1760 5735 10 1761 5736 11 1761 5737 12 1761 5738 13 1762 5739 16 1762 5740 343 1762 5741 0 1763 5742 10 1763 5743 12 1763 5744 343 1764 5745 344 1764 5746 341 1764 5747 346 1765 5748 348 1765 5749 347 1765 5750 490 1766 5751 459 1766 5752 461 1766 5753 459 1767 5754 460 1767 5755 461 1767 5756 489 1768 5757 490 1768 5758 461 1768 5759 469 1769 5760 470 1769 5761 482 1769 5762 470 1770 5763 471 1770 5764 482 1770 5765 472 1771 5766 473 1771 5767 475 1771 5768 473 1772 5769 474 1772 5770 475 1772 5771 475 1773 5772 455 1773 5773 481 1773 5774 455 1774 5775 456 1774 5776 476 1774 5777 455 1775 5778 476 1775 5779 481 1775 5780 478 1776 5781 457 1776 5782 458 1776 5783 458 1777 5784 479 1777 5785 478 1777 5786 479 1778 5787 480 1778 5788 477 1778 5789 478 1779 5790 479 1779 5791 477 1779 5792 477 1780 5793 480 1780 5794 481 1780 5795 489 1781 5796 461 1781 5797 462 1781 5798 476 1782 5799 477 1782 5800 481 1782 5801 489 1783 5802 462 1783 5803 463 1783 5804 472 1784 5805 475 1784 5806 481 1784 5807 472 1785 5808 481 1785 5809 482 1785 5810 471 1786 5811 472 1786 5812 482 1786 5813 488 1787 5814 489 1787 5815 463 1787 5816 488 1788 5817 463 1788 5818 464 1788 5819 468 1789 5820 469 1789 5821 482 1789 5822 487 1790 5823 488 1790 5824 464 1790 5825 468 1791 5826 482 1791 5827 483 1791 5828 486 1792 5829 487 1792 5830 464 1792 5831 467 1793 5832 468 1793 5833 483 1793 5834 486 1794 5835 464 1794 5836 465 1794 5837 467 1795 5838 483 1795 5839 484 1795 5840 485 1796 5841 486 1796 5842 465 1796 5843 467 1797 5844 484 1797 5845 485 1797 5846 485 1798 5847 465 1798 5848 466 1798 5849 476 1799 5850 456 1799 5851 477 1799 5852 456 1800 5853 457 1800 5854 478 1800 5855 458 1801 5856 457 1801 5857 492 1801 5858 493 1802 5859 494 1802 5860 497 1802 5861 494 1803 5862 495 1803 5863 497 1803 5864 495 1804 5865 451 1804 5866 497 1804 5867 451 1805 5868 452 1805 5869 497 1805 5870 452 1806 5871 496 1806 5872 497 1806 5873 498 1807 5874 499 1807 5875 500 1807 5876 492 1808 5877 493 1808 5878 498 1808 5879 493 1809 5880 497 1809 5881 498 1809 5882 500 1810 5883 453 1810 5884 454 1810 5885 458 1811 5886 492 1811 5887 498 1811 5888 498 1812 5889 500 1812 5890 454 1812 5891 496 1813 5892 452 1813 5893 453 1813 5894 453 1814 5895 500 1814 5896 499 1814 5897 499 1815 5898 498 1815 5899 497 1815 5900 497 1816 5901 496 1816 5902 499 1816 5903 575 1817 5904 511 1817 5905 510 1817 5906 570 1818 5907 569 1818 5908 568 1818 5909 568 1819 5910 567 1819 5911 580 1819 5912 567 1820 5913 566 1820 5914 581 1820 5915 580 1821 5916 567 1821 5917 581 1821 5918 565 1822 5919 564 1822 5920 562 1822 5921 564 1823 5922 563 1823 5923 562 1823 5924 570 1824 5925 568 1824 5926 580 1824 5927 561 1825 5928 560 1825 5929 558 1825 5930 560 1826 5931 559 1826 5932 558 1826 5933 566 1827 5934 565 1827 5935 581 1827 5936 565 1828 5937 562 1828 5938 581 1828 5939 561 1829 5940 558 1829 5941 583 1829 5942 558 1830 5943 557 1830 5944 583 1830 5945 575 1831 5946 510 1831 5947 576 1831 5948 510 1832 5949 574 1832 5950 576 1832 5951 552 1833 5952 551 1833 5953 550 1833 5954 552 1834 5955 550 1834 5956 588 1834 5957 550 1835 5958 549 1835 5959 589 1835 5960 576 1836 5961 574 1836 5962 573 1836 5963 577 1837 5964 576 1837 5965 573 1837 5966 577 1838 5967 573 1838 5968 572 1838 5969 583 1839 5970 582 1839 5971 561 1839 5972 582 1840 5973 581 1840 5974 562 1840 5975 588 17 5976 587 17 5977 554 17 5978 587 1841 5979 586 1841 5980 554 1841 5981 514 1842 5982 515 1842 5983 592 1842 5984 534 1843 5985 514 1843 5986 592 1843 5987 578 1844 5988 577 1844 5989 572 1844 5990 578 1845 5991 572 1845 5992 579 1845 5993 572 1846 5994 571 1846 5995 579 1846 5996 534 1847 5997 592 1847 5998 535 1847 5999 592 1848 6000 591 1848 6001 538 1848 6002 537 1849 6003 536 1849 6004 538 1849 6005 536 1850 6006 535 1850 6007 538 1850 6008 548 1851 6009 547 1851 6010 545 1851 6011 547 1852 6012 546 1852 6013 599 1852 6014 545 1853 6015 547 1853 6016 599 1853 6017 545 1854 6018 544 1854 6019 543 1854 6020 545 1855 6021 543 1855 6022 590 1855 6023 543 1856 6024 542 1856 6025 590 1856 6026 548 1857 6027 545 1857 6028 590 1857 6029 541 1858 6030 540 1858 6031 539 1858 6032 579 1859 6033 571 1859 6034 580 1859 6035 571 1860 6036 570 1860 6037 580 1860 6038 538 1861 6039 535 1861 6040 592 1861 6041 582 1862 6042 562 1862 6043 561 1862 6044 539 1863 6045 538 1863 6046 591 1863 6047 541 1864 6048 539 1864 6049 591 1864 6050 541 1865 6051 591 1865 6052 590 1865 6053 542 1866 6054 541 1866 6055 590 1866 6056 549 1867 6057 548 1867 6058 590 1867 6059 584 1868 6060 583 1868 6061 557 1868 6062 584 1869 6063 557 1869 6064 673 1869 6065 549 1870 6066 590 1870 6067 589 1870 6068 550 1871 6069 589 1871 6070 588 1871 6071 584 1872 6072 673 1872 6073 672 1872 6074 553 1873 6075 552 1873 6076 588 1873 6077 554 17 6078 553 17 6079 588 17 6080 584 1874 6081 672 1874 6082 585 1874 6083 672 1875 6084 556 1875 6085 585 1875 6086 555 1876 6087 554 1876 6088 586 1876 6089 556 1877 6090 555 1877 6091 586 1877 6092 600 1878 6093 544 1878 6094 601 1878 6095 544 1879 6096 545 1879 6097 599 1879 6098 603 1880 6099 602 1880 6100 605 1880 6101 605 1881 6102 602 1881 6103 543 1881 6104 602 1882 6105 542 1882 6106 543 1882 6107 543 1883 6108 606 1883 6109 605 1883 6110 607 1884 6111 608 1884 6112 604 1884 6113 606 1885 6114 607 1885 6115 605 1885 6116 607 1886 6117 606 1886 6118 609 1886 6119 616 1887 6120 610 1887 6121 611 1887 6122 616 1888 6123 611 1888 6124 630 1888 6125 618 1889 6126 617 1889 6127 616 1889 6128 619 1890 6129 615 1890 6130 614 1890 6131 612 1891 6132 613 1891 6133 621 1891 6134 613 1892 6135 620 1892 6136 621 1892 6137 620 1893 6138 619 1893 6139 622 1893 6140 619 1894 6141 614 1894 6142 623 1894 6143 618 1895 6144 616 1895 6145 630 1895 6146 629 1896 6147 628 1896 6148 627 1896 6149 618 1897 6150 630 1897 6151 629 1897 6152 622 1898 6153 621 1898 6154 620 1898 6155 614 1899 6156 618 1899 6157 626 1899 6158 618 1900 6159 629 1900 6160 626 1900 6161 629 1901 6162 627 1901 6163 626 1901 6164 626 1902 6165 625 1902 6166 614 1902 6167 625 1903 6168 624 1903 6169 614 1903 6170 623 1904 6171 622 1904 6172 619 1904 6173 630 1905 6174 611 1905 6175 628 1905 6176 611 1906 6177 612 1906 6178 627 1906 6179 628 1907 6180 611 1907 6181 627 1907 6182 621 1908 6183 622 1908 6184 623 1908 6185 612 1909 6186 621 1909 6187 627 1909 6188 628 1910 6189 629 1910 6190 630 1910 6191 625 1911 6192 626 1911 6193 627 1911 6194 624 1912 6195 625 1912 6196 623 1912 6197 625 1913 6198 627 1913 6199 621 1913 6200</p>
        </triangles>
        <triangles material="wall-material" count="1247">
          <input semantic="VERTEX" source="#indoor_environment-mesh-vertices" offset="0"/>
          <input semantic="NORMAL" source="#indoor_environment-mesh-normals" offset="1"/>
          <input semantic="TEXCOORD" source="#indoor_environment-mesh-map-0" offset="2" set="0"/>
          <p>357 0 0 355 0 1 356 0 2 369 1 3 372 1 4 375 1 5 384 2 6 382 2 7 383 2 8 387 3 9 385 3 10 386 3 11 406 4 12 403 4 13 395 4 14 416 5 15 415 5 16 450 5 17 428 6 18 437 6 19 436 6 20 439 7 21 438 7 22 443 7 23 449 8 24 448 8 25 446 8 26 456 9 27 455 9 28 491 9 29 502 10 30 504 10 31 509 10 32 452 11 33 451 11 34 501 11 35 513 12 36 415 12 37 512 12 38 526 13 39 525 13 40 524 13 41 593 14 42 594 14 43 597 14 44 613 15 45 650 15 46 649 15 47 655 16 48 654 16 49 610 16 50 666 17 51 663 17 52 660 17 53 681 18 54 676 18 55 678 18 56 672 19 57 673 19 58 680 19 59 683 20 60 685 20 61 684 20 62 687 21 63 689 21 64 688 21 65 693 17 66 691 17 67 694 17 68 697 22 69 695 22 70 698 22 71 700 23 72 701 23 73 702 23 74 711 24 75 709 24 76 708 24 77 726 25 78 724 25 79 723 25 80 736 26 81 738 26 82 737 26 83 739 27 84 741 27 85 740 27 86 760 26 87 749 26 88 757 26 89 773 28 90 774 28 91 744 28 92 791 29 93 792 29 94 784 29 95 795 30 96 798 30 97 799 30 98 802 26 99 804 26 100 805 26 101 840 26 102 839 26 103 822 26 104 833 31 105 811 31 106 832 31 107 853 32 108 852 32 109 848 32 110 811 33 111 846 33 112 810 33 113 851 34 114 854 34 115 808 34 116 864 26 117 859 26 118 857 26 119 807 35 120 856 35 121 806 35 122 770 36 123 775 36 124 868 36 125 881 37 126 882 37 127 879 37 128 945 26 129 909 26 130 910 26 131 957 38 132 956 38 133 951 38 134 901 39 135 899 39 136 959 39 137 961 26 138 963 26 139 960 26 140 965 26 141 964 26 142 963 26 143 965 40 144 967 40 145 964 40 146 972 41 147 981 41 148 982 41 149 987 42 150 630 42 151 988 42 152 971 26 153 1008 26 154 970 26 155 968 26 156 1012 26 157 1013 26 158 1025 26 159 1028 26 160 1016 26 161 1035 43 162 1033 43 163 1038 43 164 1030 44 165 1037 44 166 913 44 167 1040 26 168 1042 26 169 1039 26 170 1044 26 171 1046 26 172 1043 26 173 1050 45 174 1047 45 175 1049 45 176 1053 46 177 1051 46 178 1052 46 179 950 26 180 1056 26 181 1055 26 182 953 47 183 1061 47 184 1060 47 185 1060 26 186 1061 26 187 1059 26 188 1060 48 189 1059 49 190 1058 50 191 1060 26 192 1058 26 193 953 26 194 631 51 195 990 51 196 989 51 197 534 52 198 890 52 199 889 52 200 443 53 201 798 53 202 442 53 203 633 54 204 990 54 205 632 54 206 535 55 207 891 55 208 890 55 209 443 56 210 779 56 211 799 56 212 633 57 213 992 57 214 991 57 215 536 58 216 892 58 217 891 58 218 444 59 219 776 59 220 421 59 221 634 60 222 993 60 223 992 60 224 538 61 225 892 61 226 537 61 227 445 62 228 800 62 229 444 62 230 636 63 231 993 63 232 635 63 233 538 64 234 894 64 235 893 64 236 446 65 237 801 65 238 445 65 239 637 66 240 994 66 241 636 66 242 540 67 243 894 67 244 539 67 245 447 68 246 802 68 247 446 68 248 638 69 249 995 69 250 637 69 251 540 70 252 896 70 253 895 70 254 423 71 255 803 71 256 447 71 257 639 72 258 996 72 259 638 72 260 541 73 261 897 73 262 896 73 263 424 74 264 804 74 265 779 74 266 640 75 267 997 75 268 639 75 269 449 76 270 804 76 271 448 76 272 641 77 273 998 77 274 640 77 275 543 78 276 899 78 277 898 78 278 449 79 279 777 79 280 805 79 281 642 80 282 999 80 283 641 80 284 450 81 285 744 81 286 390 81 287 643 82 288 1000 82 289 642 82 290 546 83 291 901 83 292 599 83 293 644 84 294 1001 84 295 643 84 296 546 85 297 903 85 298 902 85 299 452 86 300 808 86 301 453 86 302 645 87 303 1002 87 304 644 87 305 548 88 306 903 88 307 547 88 308 646 89 309 1003 89 310 645 89 311 548 90 312 905 90 313 904 90 314 355 91 315 708 91 316 709 91 317 647 92 318 1004 92 319 646 92 320 549 93 321 906 93 322 905 93 323 456 94 324 812 94 325 457 94 326 356 95 327 709 95 328 710 95 329 647 96 330 1006 96 331 1005 96 332 551 97 333 906 97 334 550 97 335 356 98 336 711 98 337 357 98 338 528 99 339 1069 99 340 1068 99 341 552 100 342 907 100 343 551 100 344 357 101 345 708 101 346 354 101 347 528 102 348 968 102 349 883 102 350 552 103 351 909 103 352 908 103 353 460 104 354 816 104 355 461 104 356 359 105 357 712 105 358 713 105 359 649 106 360 971 106 361 613 106 362 553 105 363 910 105 364 909 105 365 461 107 366 817 107 367 462 107 368 359 108 369 714 108 370 360 108 371 650 109 372 1007 109 373 649 109 374 554 110 375 911 110 376 910 110 377 462 111 378 818 111 379 463 111 380 361 112 381 714 112 382 715 112 383 650 113 384 970 113 385 1008 113 386 555 114 387 912 114 388 911 114 389 463 115 390 819 115 391 464 115 392 362 116 393 715 116 394 716 116 395 651 117 396 969 117 397 611 117 398 673 118 399 914 118 400 913 118 401 465 119 402 819 119 403 820 119 404 362 120 405 717 120 406 363 120 407 652 121 408 1009 121 409 651 121 410 558 122 411 914 122 412 557 122 413 465 123 414 821 123 415 466 123 416 364 124 417 717 124 418 718 124 419 653 125 420 1010 125 421 652 125 422 559 126 423 915 126 424 558 126 425 466 127 426 822 127 427 467 127 428 364 128 429 719 128 430 365 128 431 654 129 432 1011 129 433 653 129 434 559 130 435 917 130 436 916 130 437 467 131 438 823 131 439 468 131 440 365 132 441 720 132 442 366 132 443 655 133 444 1012 133 445 654 133 446 560 134 447 918 134 448 917 134 449 469 135 450 823 135 451 824 135 452 366 136 453 721 136 454 367 136 455 656 105 456 1013 105 457 655 105 458 562 137 459 918 137 460 561 137 461 469 138 462 825 138 463 470 138 464 367 139 465 722 139 466 368 139 467 657 140 468 1014 140 469 656 140 470 563 141 471 919 141 472 562 141 473 470 142 474 826 142 475 471 142 476 368 143 477 723 143 478 369 143 479 1064 144 480 989 144 481 1065 144 482 564 145 483 920 145 484 563 145 485 471 146 486 827 146 487 472 146 488 370 147 489 723 147 490 724 147 491 614 148 492 1016 148 493 972 148 494 564 149 495 922 149 496 921 149 497 473 150 498 827 150 499 828 150 500 370 151 501 725 151 502 371 151 503 658 152 504 1017 152 505 1016 152 506 566 153 507 922 153 508 565 153 509 473 154 510 829 154 511 474 154 512 371 155 513 726 155 514 372 155 515 660 156 516 1017 156 517 659 156 518 566 157 519 924 157 520 923 157 521 474 158 522 830 158 523 475 158 524 372 154 525 727 154 526 373 154 527 660 159 528 1019 159 529 1018 159 530 567 160 531 925 160 532 924 160 533 475 161 534 810 161 535 455 161 536 662 162 537 1019 162 538 661 162 539 569 163 540 925 163 541 568 163 542 374 164 543 729 164 544 375 164 545 663 165 546 1020 165 547 662 165 548 570 166 549 926 166 550 569 166 551 375 167 552 730 167 553 376 167 554 664 168 555 1021 168 556 663 168 557 571 169 558 927 169 559 570 169 560 376 170 561 731 170 562 377 170 563 665 171 564 1022 171 565 664 171 566 571 172 567 929 172 568 928 172 569 378 173 570 731 173 571 732 173 572 666 174 573 1023 174 574 665 174 575 573 175 576 929 175 577 572 175 578 458 176 579 834 176 580 479 176 581 378 177 582 733 177 583 379 177 584 667 178 585 1024 178 586 666 178 587 574 179 588 930 179 589 573 179 590 480 180 591 834 180 592 835 180 593 379 154 594 734 154 595 380 154 596 668 181 597 1025 181 598 667 181 599 574 182 600 865 182 601 931 182 602 481 183 603 835 183 604 836 183 605 380 184 606 712 184 607 358 184 608 669 185 609 1026 185 610 668 185 611 575 186 612 866 186 613 511 186 614 482 187 615 836 187 616 837 187 617 381 188 618 736 188 619 382 188 620 670 189 621 1027 189 622 669 189 623 576 190 624 932 190 625 575 190 626 482 191 627 838 191 628 483 191 629 383 192 630 736 192 631 737 192 632 671 193 633 1028 193 634 670 193 635 577 194 636 933 194 637 576 194 638 484 195 639 838 195 640 839 195 641 384 196 642 737 196 643 738 196 644 615 197 645 1029 197 646 671 197 647 577 198 648 935 198 649 934 198 650 485 199 651 839 199 652 840 199 653 384 200 654 735 200 655 381 200 656 672 201 657 912 201 658 556 201 659 579 202 660 935 202 661 578 202 662 486 203 663 840 203 664 841 203 665 386 204 666 739 204 667 740 204 668 579 205 669 937 205 670 936 205 671 486 206 672 842 206 673 487 206 674 387 207 675 740 207 676 741 207 677 674 208 678 1032 208 679 675 208 680 581 209 681 937 209 682 580 209 683 488 210 684 842 210 685 843 210 686 387 211 687 742 211 688 388 211 689 675 212 690 1033 212 691 676 212 692 582 213 693 938 213 694 581 213 695 489 214 696 843 214 697 844 214 698 388 215 699 739 215 700 385 215 701 676 216 702 1034 216 703 677 216 704 583 217 705 939 217 706 582 217 707 489 218 708 845 218 709 490 218 710 677 219 711 1035 219 712 678 219 713 583 220 714 941 220 715 940 220 716 459 221 717 845 221 718 814 221 719 391 222 720 743 222 721 389 222 722 678 223 723 1036 223 724 679 223 725 585 224 726 941 224 727 584 224 728 455 225 729 846 225 730 491 225 731 392 226 732 745 226 733 391 226 734 679 227 735 1030 227 736 672 227 737 586 228 738 942 228 739 585 228 740 456 229 741 846 229 742 811 229 743 393 103 744 746 103 745 392 103 746 587 230 747 943 230 748 586 230 749 457 231 750 847 231 751 492 231 752 394 232 753 747 232 754 393 232 755 680 233 756 913 233 757 1037 233 758 588 154 759 944 154 760 587 154 761 493 234 762 847 234 763 848 234 764 394 235 765 749 235 766 748 235 767 681 236 768 1037 236 769 1038 236 770 589 237 771 945 237 772 588 237 773 493 238 774 849 238 775 494 238 776 396 239 777 749 239 778 395 239 779 674 240 780 1038 240 781 1031 240 782 590 241 783 946 241 784 589 241 785 495 242 786 849 242 787 850 242 788 396 243 789 751 243 790 750 243 791 683 244 792 1039 244 793 682 244 794 591 245 795 947 245 796 590 245 797 495 246 798 806 246 799 451 246 800 397 247 801 752 247 802 751 247 803 684 248 804 1040 248 805 683 248 806 592 249 807 948 249 808 591 249 809 398 250 810 753 250 811 752 250 812 684 251 813 1042 251 814 1041 251 815 515 252 816 949 252 817 592 252 818 399 253 819 754 253 820 753 253 821 682 254 822 1042 254 823 685 254 824 593 255 825 950 255 826 951 255 827 401 256 828 754 256 829 400 256 830 687 257 831 1043 257 832 686 257 833 594 258 834 951 258 835 952 258 836 402 259 837 755 259 838 401 259 839 688 260 840 1044 260 841 687 260 842 704 261 843 954 261 844 595 261 845 402 262 846 757 262 847 756 262 848 689 105 849 1045 105 850 688 105 851 595 263 852 955 263 853 596 263 854 403 264 855 758 264 856 757 264 857 686 265 858 1046 265 859 689 265 860 597 266 861 955 266 862 956 266 863 454 267 864 813 267 865 458 267 866 404 268 867 759 268 868 758 268 869 690 269 870 786 269 871 431 269 872 597 270 873 957 270 874 598 270 875 501 271 876 806 271 877 856 271 878 406 272 879 759 272 880 405 272 881 692 273 882 1047 273 883 691 273 884 598 274 885 728 274 886 374 274 887 501 275 888 807 275 889 452 275 890 406 276 891 761 276 892 760 276 893 693 277 894 1048 277 895 692 277 896 453 278 897 857 278 898 502 278 899 407 279 900 762 279 901 761 279 902 694 280 903 1049 280 904 693 280 905 600 281 906 899 281 907 544 281 908 503 282 909 857 282 910 858 282 911 409 283 912 762 283 913 408 283 914 694 284 915 787 284 916 1050 284 917 601 103 918 958 103 919 600 103 920 503 285 921 859 285 922 504 285 923 410 286 924 763 286 925 409 286 926 691 287 927 787 287 928 690 287 929 601 288 930 901 288 931 959 288 932 504 289 933 860 289 934 505 289 935 410 290 936 765 290 937 764 290 938 696 291 939 1051 291 940 695 291 941 603 292 942 960 292 943 602 292 944 506 293 945 860 293 946 861 293 947 411 294 948 766 294 949 765 294 950 696 295 951 1053 295 952 1052 295 953 604 296 954 961 296 955 603 296 956 506 297 957 862 297 958 507 297 959 412 298 960 767 298 961 766 298 962 697 299 963 1054 299 964 1053 299 965 507 300 966 863 300 967 508 300 968 414 301 969 767 301 970 413 301 971 695 302 972 1054 302 973 698 302 974 508 303 975 864 303 976 509 303 977 390 304 978 769 304 979 420 304 980 699 305 981 727 305 982 1055 305 983 602 306 984 897 306 985 542 306 986 509 307 987 865 307 988 510 307 989 416 308 990 770 308 991 415 308 992 417 309 993 771 309 994 416 309 995 701 310 996 1055 310 997 1056 310 998 511 311 999 809 311 1000 454 311 1001 418 312 1002 772 312 1003 417 312 1004 702 313 1005 1056 313 1006 1057 313 1007 609 314 1008 966 314 1009 608 314 1010 415 315 1011 867 315 1012 512 315 1013 418 316 1014 774 316 1015 773 316 1016 702 317 1017 950 317 1018 700 317 1019 606 318 1020 967 318 1021 609 318 1022 512 319 1023 815 319 1024 460 319 1025 419 320 1026 743 320 1027 774 320 1028 594 321 1029 1058 321 1030 703 321 1031 606 322 1032 898 322 1033 964 322 1034 513 323 1035 814 323 1036 868 323 1037 604 324 1038 966 324 1039 962 324 1040 450 325 1041 868 325 1042 775 325 1043 703 326 1044 1059 326 1045 705 326 1046 988 327 1047 611 327 1048 969 327 1049 441 328 1050 871 328 1051 797 328 1052 704 329 1053 1061 329 1054 953 329 1055 516 330 1056 872 330 1057 871 330 1058 425 331 1059 768 331 1060 414 331 1061 517 332 1062 873 332 1063 872 332 1064 426 333 1065 780 333 1066 425 333 1067 610 334 1068 974 334 1069 968 334 1070 519 335 1071 873 335 1072 518 335 1073 426 336 1074 782 336 1075 781 336 1076 617 337 1077 974 337 1078 616 337 1079 520 338 1080 874 338 1081 519 338 1082 427 339 1083 783 339 1084 782 339 1085 705 340 1086 1061 340 1087 707 340 1088 618 341 1089 975 341 1090 617 341 1091 520 342 1092 876 342 1093 875 342 1094 428 343 1095 784 343 1096 783 343 1097 618 344 1098 972 344 1099 976 344 1100 521 345 1101 877 345 1102 876 345 1103 430 346 1104 784 346 1105 429 346 1106 619 347 1107 973 347 1108 615 347 1109 523 348 1110 877 348 1111 522 348 1112 430 349 1113 786 349 1114 785 349 1115 620 350 1116 977 350 1117 619 350 1118 523 351 1119 879 351 1120 878 351 1121 432 352 1122 787 352 1123 690 352 1124 613 353 1125 978 353 1126 620 353 1127 524 354 1128 880 354 1129 879 354 1130 433 355 1131 788 355 1132 432 355 1133 525 356 1134 881 356 1135 880 356 1136 421 357 1137 789 357 1138 433 357 1139 527 358 1140 881 358 1141 526 358 1142 422 359 1143 790 359 1144 777 359 1145 527 360 1146 883 360 1147 882 360 1148 435 361 1149 790 361 1150 434 361 1151 529 362 1152 883 362 1153 528 362 1154 435 363 1155 792 363 1156 791 363 1157 514 364 1158 884 364 1159 529 364 1160 437 365 1161 792 365 1162 436 365 1163 530 366 1164 870 366 1165 515 366 1166 420 367 1167 793 367 1168 437 367 1169 530 368 1170 886 368 1171 885 368 1172 438 369 1173 778 369 1174 423 369 1175 532 370 1176 886 370 1177 531 370 1178 438 371 1179 795 371 1180 794 371 1181 533 372 1182 887 372 1183 532 372 1184 439 373 1185 796 373 1186 795 373 1187 442 374 1188 888 374 1189 533 374 1190 440 375 1191 797 375 1192 796 375 1193 514 376 1194 889 376 1195 869 376 1196 986 377 1197 629 377 1198 987 377 1199 985 378 1200 628 378 1201 986 378 1202 984 379 1203 627 379 1204 985 379 1205 983 380 1206 626 380 1207 984 380 1208 982 154 1209 625 154 1210 983 154 1211 981 381 1212 624 381 1213 982 381 1214 980 382 1215 623 382 1216 981 382 1217 980 383 1218 621 383 1219 622 383 1220 970 384 1221 621 384 1222 979 384 1223 657 385 1224 1063 385 1225 1015 385 1226 1066 386 1227 1006 386 1228 648 386 1229 636 387 1230 633 387 1231 639 387 1232 994 26 1233 997 26 1234 991 26 1235 1068 388 1236 1064 388 1237 1062 388 1238 1068 389 1239 1063 389 1240 1062 389 1241 1064 390 1242 1067 390 1243 1066 390 1244 357 391 1245 354 391 1246 355 391 1247 360 392 1248 361 392 1249 369 392 1250 361 393 1251 362 393 1252 363 393 1253 363 394 1254 364 394 1255 365 394 1256 361 395 1257 363 395 1258 368 395 1259 360 396 1260 369 396 1261 379 396 1262 380 397 1263 358 397 1264 359 397 1265 359 398 1266 360 398 1267 379 398 1268 365 399 1269 366 399 1270 367 399 1271 379 400 1272 380 400 1273 359 400 1274 376 401 1275 377 401 1276 378 401 1277 375 402 1278 376 402 1279 378 402 1280 378 403 1281 379 403 1282 375 403 1283 361 404 1284 368 404 1285 369 404 1286 375 405 1287 379 405 1288 369 405 1289 363 406 1290 365 406 1291 368 406 1292 365 407 1293 367 407 1294 368 407 1295 373 408 1296 374 408 1297 375 408 1298 370 409 1299 371 409 1300 372 409 1301 372 410 1302 373 410 1303 375 410 1304 369 411 1305 370 411 1306 372 411 1307 384 412 1308 381 412 1309 382 412 1310 387 413 1311 388 413 1312 385 413 1313 391 414 1314 389 414 1315 420 414 1316 389 415 1317 390 415 1318 420 415 1319 420 416 1320 414 416 1321 410 416 1322 414 417 1323 413 417 1324 411 417 1325 393 418 1326 392 418 1327 394 418 1328 392 419 1329 391 419 1330 394 419 1331 414 420 1332 411 420 1333 410 420 1334 413 421 1335 412 421 1336 411 421 1337 394 422 1338 391 422 1339 395 422 1340 391 423 1341 420 423 1342 406 423 1343 395 424 1344 391 424 1345 406 424 1346 397 425 1347 396 425 1348 395 425 1349 406 426 1350 420 426 1351 407 426 1352 410 427 1353 409 427 1354 408 427 1355 410 428 1356 408 428 1357 407 428 1358 420 429 1359 410 429 1360 407 429 1361 398 430 1362 397 430 1363 399 430 1364 397 431 1365 395 431 1366 399 431 1367 401 17 1368 400 17 1369 402 17 1370 400 432 1371 399 432 1372 402 432 1373 406 433 1374 405 433 1375 403 433 1376 405 434 1377 404 434 1378 403 434 1379 399 435 1380 395 435 1381 402 435 1382 403 436 1383 402 436 1384 395 436 1385 450 437 1386 390 437 1387 416 437 1388 390 438 1389 389 438 1390 419 438 1391 418 439 1392 390 439 1393 419 439 1394 418 440 1395 417 440 1396 390 440 1397 417 441 1398 416 441 1399 390 441 1400 422 442 1401 421 442 1402 432 442 1403 421 443 1404 433 443 1405 432 443 1406 432 444 1407 690 444 1408 434 444 1409 690 445 1410 431 445 1411 434 445 1412 425 446 1413 414 446 1414 426 446 1415 414 447 1416 420 447 1417 426 447 1418 434 448 1419 422 448 1420 432 448 1421 435 449 1422 434 449 1423 431 449 1424 429 450 1425 428 450 1426 436 450 1427 428 451 1428 427 451 1429 437 451 1430 427 452 1431 426 452 1432 420 452 1433 435 453 1434 431 453 1435 430 453 1436 435 454 1437 430 454 1438 429 454 1439 427 455 1440 420 455 1441 437 455 1442 436 456 1443 435 456 1444 429 456 1445 438 457 1446 423 457 1447 424 457 1448 442 458 1449 441 458 1450 439 458 1451 441 459 1452 440 459 1453 439 459 1454 438 460 1455 424 460 1456 443 460 1457 442 461 1458 439 461 1459 443 461 1460 444 462 1461 421 462 1462 445 462 1463 421 463 1464 422 463 1465 445 463 1466 448 464 1467 424 464 1468 423 464 1469 448 465 1470 423 465 1471 447 465 1472 446 466 1473 445 466 1474 449 466 1475 445 467 1476 422 467 1477 449 467 1478 448 468 1479 447 468 1480 446 468 1481 511 469 1482 454 469 1483 509 469 1484 454 470 1485 453 470 1486 502 470 1487 509 471 1488 454 471 1489 502 471 1490 502 472 1491 503 472 1492 504 472 1493 509 473 1494 510 473 1495 511 473 1496 507 474 1497 508 474 1498 505 474 1499 508 475 1500 509 475 1501 504 475 1502 505 476 1503 508 476 1504 504 476 1505 505 477 1506 506 477 1507 507 477 1508 512 478 1509 460 478 1510 513 478 1511 460 479 1512 459 479 1513 513 479 1514 513 480 1515 450 480 1516 415 480 1517 441 481 1518 442 481 1519 533 481 1520 441 482 1521 533 482 1522 532 482 1523 517 483 1524 516 483 1525 532 483 1526 516 484 1527 441 484 1528 532 484 1529 519 485 1530 518 485 1531 520 485 1532 518 486 1533 517 486 1534 520 486 1535 531 487 1536 530 487 1537 529 487 1538 530 488 1539 515 488 1540 529 488 1541 520 489 1542 517 489 1543 532 489 1544 521 490 1545 520 490 1546 531 490 1547 520 491 1548 532 491 1549 531 491 1550 524 492 1551 523 492 1552 527 492 1553 523 493 1554 522 493 1555 527 493 1556 522 494 1557 521 494 1558 528 494 1559 521 495 1560 531 495 1561 528 495 1562 515 496 1563 514 496 1564 529 496 1565 529 497 1566 528 497 1567 531 497 1568 528 498 1569 527 498 1570 522 498 1571 527 499 1572 526 499 1573 524 499 1574 598 500 1575 374 500 1576 699 500 1577 374 501 1578 373 501 1579 699 501 1580 699 502 1581 700 502 1582 598 502 1583 700 503 1584 593 503 1585 598 503 1586 595 504 1587 596 504 1588 704 504 1589 596 505 1590 597 505 1591 703 505 1592 703 506 1593 704 506 1594 596 506 1595 594 507 1596 703 507 1597 597 507 1598 598 508 1599 593 508 1600 597 508 1601 613 509 1602 612 509 1603 650 509 1604 651 510 1605 611 510 1606 610 510 1607 528 511 1608 1068 511 1609 657 511 1610 1068 512 1611 1062 512 1612 657 512 1613 657 513 1614 656 513 1615 528 513 1616 656 514 1617 655 514 1618 528 514 1619 651 515 1620 610 515 1621 654 515 1622 610 516 1623 528 516 1624 655 516 1625 653 517 1626 652 517 1627 651 517 1628 654 518 1629 653 518 1630 651 518 1631 658 519 1632 614 519 1633 615 519 1634 615 520 1635 671 520 1636 670 520 1637 670 17 1638 669 17 1639 667 17 1640 669 17 1641 668 17 1642 667 17 1643 658 521 1644 615 521 1645 670 521 1646 660 522 1647 659 522 1648 666 522 1649 659 523 1650 658 523 1651 667 523 1652 667 17 1653 658 17 1654 670 17 1655 662 524 1656 661 524 1657 660 524 1658 665 17 1659 664 17 1660 663 17 1661 663 525 1662 662 525 1663 660 525 1664 666 526 1665 659 526 1666 667 526 1667 666 17 1668 665 17 1669 663 17 1670 679 527 1671 672 527 1672 678 527 1673 672 528 1674 680 528 1675 681 528 1676 681 529 1677 674 529 1678 676 529 1679 674 530 1680 675 530 1681 676 530 1682 672 531 1683 681 531 1684 678 531 1685 676 532 1686 677 532 1687 678 532 1688 683 533 1689 682 533 1690 685 533 1691 687 534 1692 686 534 1693 689 534 1694 692 17 1695 691 17 1696 693 17 1697 691 535 1698 690 535 1699 694 535 1700 697 536 1701 696 536 1702 695 536 1703 700 537 1704 699 537 1705 701 537 1706 711 26 1707 710 26 1708 709 26 1709 716 538 1710 715 538 1711 717 538 1712 715 539 1713 714 539 1714 723 539 1715 717 26 1716 715 26 1717 722 26 1718 713 26 1719 712 26 1720 734 26 1721 714 540 1722 713 540 1723 733 540 1724 715 541 1725 723 541 1726 722 541 1727 719 26 1728 718 26 1729 717 26 1730 713 26 1731 734 26 1732 733 26 1733 732 26 1734 731 26 1735 730 26 1736 714 542 1737 733 542 1738 723 542 1739 732 543 1740 730 543 1741 729 543 1742 733 544 1743 732 544 1744 729 544 1745 721 545 1746 720 545 1747 719 545 1748 733 546 1749 729 546 1750 723 546 1751 729 547 1752 728 547 1753 727 547 1754 726 26 1755 725 26 1756 724 26 1757 729 548 1758 727 549 1759 726 550 1760 721 551 1761 719 551 1762 722 551 1763 719 552 1764 717 552 1765 722 552 1766 729 553 1767 726 553 1768 723 553 1769 736 26 1770 735 26 1771 738 26 1772 739 554 1773 742 554 1774 741 554 1775 744 555 1776 743 555 1777 769 555 1778 743 556 1779 745 556 1780 769 556 1781 745 26 1782 746 26 1783 748 26 1784 746 557 1785 747 557 1786 748 557 1787 767 26 1788 768 26 1789 765 26 1790 768 26 1791 769 26 1792 764 26 1793 765 558 1794 768 558 1795 764 558 1796 765 559 1797 766 559 1798 767 559 1799 762 560 1800 763 560 1801 764 560 1802 761 26 1803 762 26 1804 764 26 1805 769 26 1806 745 26 1807 760 26 1808 745 561 1809 748 562 1810 749 563 1811 749 564 1812 750 564 1813 751 564 1814 745 565 1815 749 565 1816 760 565 1817 761 26 1818 764 26 1819 769 26 1820 758 26 1821 759 26 1822 757 26 1823 759 566 1824 760 566 1825 757 566 1826 760 567 1827 761 567 1828 769 567 1829 749 568 1830 751 568 1831 753 568 1832 751 569 1833 752 569 1834 753 569 1835 753 26 1836 754 26 1837 756 26 1838 754 26 1839 755 26 1840 756 26 1841 749 570 1842 753 570 1843 756 570 1844 749 571 1845 756 571 1846 757 571 1847 743 572 1848 744 572 1849 774 572 1850 744 573 1851 775 573 1852 771 573 1853 775 574 1854 770 574 1855 771 574 1856 771 575 1857 772 575 1858 744 575 1859 772 576 1860 773 576 1861 744 576 1862 769 26 1863 768 26 1864 781 26 1865 768 577 1866 780 577 1867 781 577 1868 789 26 1869 776 26 1870 788 26 1871 776 578 1872 777 578 1873 788 578 1874 786 579 1875 787 579 1876 790 579 1877 787 26 1878 788 26 1879 790 26 1880 793 26 1881 769 26 1882 782 26 1883 769 26 1884 781 26 1885 782 26 1886 782 26 1887 783 26 1888 793 26 1889 783 580 1890 784 580 1891 792 580 1892 793 581 1893 783 581 1894 792 581 1895 788 26 1896 777 26 1897 790 26 1898 786 582 1899 790 582 1900 791 582 1901 785 26 1902 786 26 1903 791 26 1904 784 583 1905 785 583 1906 791 583 1907 779 584 1908 778 584 1909 794 584 1910 795 585 1911 796 586 1912 797 587 1913 799 588 1914 779 588 1915 794 588 1916 795 26 1917 797 26 1918 798 26 1919 799 589 1920 794 589 1921 795 589 1922 777 590 1923 776 590 1924 801 590 1925 776 591 1926 800 592 1927 801 593 1928 778 26 1929 779 26 1930 804 26 1931 777 594 1932 801 595 1933 805 596 1934 801 597 1935 802 597 1936 805 597 1937 803 26 1938 778 26 1939 804 26 1940 802 598 1941 803 598 1942 804 598 1943 815 26 1944 814 26 1945 816 26 1946 814 26 1947 845 26 1948 816 26 1949 826 26 1950 825 26 1951 837 26 1952 825 26 1953 824 26 1954 837 26 1955 829 599 1956 828 600 1957 830 601 1958 828 602 1959 827 603 1960 830 604 1961 811 26 1962 810 26 1963 831 26 1964 810 605 1965 830 605 1966 836 605 1967 831 26 1968 810 26 1969 836 26 1970 813 606 1971 812 606 1972 833 606 1973 835 607 1974 834 607 1975 832 607 1976 834 608 1977 813 608 1978 833 608 1979 834 609 1980 833 609 1981 832 609 1982 836 610 1983 835 611 1984 832 612 1985 817 26 1986 816 26 1987 844 26 1988 816 613 1989 845 613 1990 844 613 1991 818 614 1992 817 614 1993 844 614 1994 836 26 1995 832 26 1996 831 26 1997 818 26 1998 844 26 1999 843 26 2000 836 615 2001 830 615 2002 827 615 2003 837 616 2004 836 616 2005 827 616 2006 837 617 2007 827 618 2008 826 619 2009 818 620 2010 843 620 2011 819 620 2012 843 26 2013 842 26 2014 819 26 2015 819 26 2016 842 26 2017 841 26 2018 820 621 2019 819 621 2020 841 621 2021 837 26 2022 824 26 2023 823 26 2024 820 622 2025 841 622 2026 840 622 2027 838 623 2028 837 624 2029 823 625 2030 821 626 2031 820 626 2032 840 626 2033 838 627 2034 823 627 2035 822 627 2036 822 628 2037 821 628 2038 840 628 2039 839 629 2040 838 629 2041 822 629 2042 812 630 2043 811 630 2044 833 630 2045 811 631 2046 831 631 2047 832 631 2048 809 26 2049 808 26 2050 855 26 2051 855 26 2052 854 26 2053 853 26 2054 852 632 2055 851 633 2056 807 634 2057 809 26 2058 855 26 2059 853 26 2060 852 635 2061 807 636 2062 806 637 2063 813 26 2064 809 26 2065 853 26 2066 852 638 2067 806 638 2068 850 638 2069 812 639 2070 813 640 2071 847 641 2072 813 642 2073 853 643 2074 847 644 2075 852 26 2076 850 26 2077 849 26 2078 848 645 2079 847 645 2080 853 645 2081 852 26 2082 849 26 2083 848 26 2084 808 646 2085 807 646 2086 851 646 2087 851 647 2088 852 648 2089 854 649 2090 852 650 2091 853 650 2092 854 650 2093 854 26 2094 855 26 2095 808 26 2096 808 26 2097 809 26 2098 857 26 2099 809 651 2100 866 651 2101 864 651 2102 866 26 2103 865 26 2104 864 26 2105 864 652 2106 863 652 2107 859 652 2108 863 653 2109 862 653 2110 860 653 2111 862 654 2112 861 654 2113 860 654 2114 859 655 2115 858 655 2116 857 655 2117 863 26 2118 860 26 2119 859 26 2120 809 26 2121 864 26 2122 857 26 2123 814 26 2124 815 26 2125 868 26 2126 815 656 2127 867 657 2128 868 658 2129 867 659 2130 770 659 2131 868 659 2132 797 660 2133 871 660 2134 887 660 2135 871 661 2136 872 662 2137 887 663 2138 872 26 2139 873 26 2140 875 26 2141 873 664 2142 874 664 2143 875 664 2144 798 665 2145 797 665 2146 888 665 2147 887 666 2148 888 666 2149 797 666 2150 870 667 2151 885 667 2152 884 667 2153 885 668 2154 886 668 2155 884 668 2156 887 669 2157 872 669 2158 875 669 2159 887 26 2160 875 26 2161 886 26 2162 875 670 2163 876 670 2164 886 670 2165 877 26 2166 878 26 2167 882 26 2168 878 671 2169 879 671 2170 882 671 2171 886 26 2172 876 26 2173 883 26 2174 876 26 2175 877 26 2176 883 26 2177 884 26 2178 869 26 2179 870 26 2180 882 26 2181 883 26 2182 877 26 2183 883 672 2184 884 672 2185 886 672 2186 880 673 2187 881 673 2188 879 673 2189 865 674 2190 866 675 2191 932 676 2192 865 677 2193 932 677 2194 933 677 2195 925 678 2196 926 678 2197 927 678 2198 923 26 2199 924 26 2200 938 26 2201 924 26 2202 925 26 2203 937 26 2204 920 679 2205 921 679 2206 919 679 2207 921 680 2208 922 680 2209 919 680 2210 924 681 2211 937 681 2212 938 681 2213 925 26 2214 927 26 2215 937 26 2216 916 682 2217 917 682 2218 915 682 2219 917 26 2220 918 26 2221 915 26 2222 919 26 2223 922 26 2224 938 26 2225 922 683 2226 923 683 2227 938 683 2228 914 26 2229 915 26 2230 940 26 2231 915 684 2232 918 684 2233 940 684 2234 931 685 2235 865 685 2236 933 685 2237 931 686 2238 933 686 2239 930 686 2240 933 687 2241 934 687 2242 930 687 2243 906 688 2244 907 688 2245 908 688 2246 905 26 2247 906 26 2248 946 26 2249 906 689 2250 908 689 2251 945 689 2252 946 26 2253 906 26 2254 945 26 2255 938 690 2256 939 690 2257 919 690 2258 939 691 2259 940 691 2260 918 691 2261 919 692 2262 939 692 2263 918 692 2264 943 693 2265 944 694 2266 910 695 2267 944 26 2268 945 26 2269 910 26 2270 949 696 2271 870 696 2272 869 696 2273 949 697 2274 869 697 2275 889 697 2276 930 26 2277 934 26 2278 929 26 2279 934 698 2280 935 698 2281 929 698 2282 948 699 2283 949 699 2284 893 699 2285 949 700 2286 889 700 2287 890 700 2288 893 701 2289 949 702 2290 890 703 2291 890 704 2292 891 705 2293 893 706 2294 891 26 2295 892 26 2296 893 26 2297 929 707 2298 935 707 2299 936 707 2300 928 708 2301 929 708 2302 936 708 2303 928 709 2304 936 709 2305 937 709 2306 902 710 2307 903 710 2308 901 710 2309 903 26 2310 904 26 2311 900 26 2312 900 26 2313 901 26 2314 903 26 2315 898 711 2316 899 711 2317 900 711 2318 897 712 2319 898 712 2320 947 712 2321 898 713 2322 900 713 2323 947 713 2324 900 714 2325 904 714 2326 947 714 2327 894 26 2328 895 26 2329 896 26 2330 927 715 2331 928 715 2332 937 715 2333 948 716 2334 893 716 2335 894 716 2336 948 26 2337 894 26 2338 896 26 2339 914 717 2340 940 717 2341 941 717 2342 947 718 2343 948 718 2344 896 718 2345 913 26 2346 914 26 2347 941 26 2348 947 719 2349 896 719 2350 897 719 2351 1030 26 2352 913 26 2353 941 26 2354 947 720 2355 904 720 2356 905 720 2357 1030 26 2358 941 26 2359 942 26 2360 912 26 2361 1030 26 2362 942 26 2363 912 721 2364 942 721 2365 943 721 2366 946 26 2367 947 26 2368 905 26 2369 911 722 2370 912 722 2371 943 722 2372 945 26 2373 908 26 2374 909 26 2375 910 26 2376 911 26 2377 943 26 2378 727 26 2379 728 26 2380 1055 26 2381 728 723 2382 957 724 2383 1055 725 2384 956 726 2385 955 726 2386 1058 726 2387 955 26 2388 954 26 2389 953 26 2390 1058 26 2391 955 26 2392 953 26 2393 951 26 2394 950 26 2395 957 26 2396 950 26 2397 1055 26 2398 957 26 2399 956 727 2400 1058 728 2401 952 729 2402 956 730 2403 952 730 2404 951 730 2405 900 731 2406 899 731 2407 901 731 2408 899 732 2409 958 732 2410 959 732 2411 961 733 2412 962 733 2413 963 733 2414 962 734 2415 966 735 2416 965 736 2417 964 26 2418 898 26 2419 963 26 2420 898 737 2421 897 737 2422 960 737 2423 963 26 2424 898 26 2425 960 26 2426 962 738 2427 965 738 2428 963 738 2429 965 739 2430 966 739 2431 967 739 2432 969 26 2433 968 26 2434 974 26 2435 974 740 2436 975 741 2437 976 742 2438 972 743 2439 973 743 2440 977 743 2441 978 26 2442 971 26 2443 979 26 2444 971 744 2445 970 744 2446 979 744 2447 972 745 2448 977 745 2449 981 745 2450 977 746 2451 978 746 2452 980 746 2453 988 26 2454 969 26 2455 974 26 2456 985 747 2457 986 747 2458 987 747 2459 988 26 2460 974 26 2461 976 26 2462 984 26 2463 985 26 2464 987 26 2465 987 748 2466 988 749 2467 976 750 2468 978 26 2469 979 26 2470 980 26 2471 987 751 2472 976 752 2473 984 753 2474 976 754 2475 972 754 2476 984 754 2477 982 26 2478 983 26 2479 972 26 2480 983 755 2481 984 755 2482 972 755 2483 977 26 2484 980 26 2485 981 26 2486 987 756 2487 629 756 2488 630 756 2489 971 757 2490 1007 757 2491 1008 757 2492 968 26 2493 969 26 2494 1009 26 2495 1009 26 2496 1010 26 2497 1011 26 2498 1009 758 2499 1011 759 2500 1012 760 2501 883 761 2502 968 762 2503 1013 763 2504 968 26 2505 1009 26 2506 1012 26 2507 1063 26 2508 1069 26 2509 1015 26 2510 1069 764 2511 883 764 2512 1015 764 2513 1013 26 2514 1014 26 2515 883 26 2516 1014 765 2517 1015 765 2518 883 765 2519 973 766 2520 972 766 2521 1016 766 2522 1016 26 2523 1017 26 2524 1025 26 2525 1017 767 2526 1018 767 2527 1024 767 2528 1018 768 2529 1019 769 2530 1020 770 2531 1021 771 2532 1022 771 2533 1023 771 2534 1018 772 2535 1020 772 2536 1021 772 2537 1029 26 2538 973 26 2539 1028 26 2540 973 26 2541 1016 26 2542 1028 26 2543 1026 773 2544 1027 773 2545 1025 773 2546 1027 774 2547 1028 774 2548 1025 774 2549 1017 775 2550 1024 775 2551 1025 775 2552 1018 776 2553 1021 776 2554 1024 776 2555 1021 777 2556 1023 777 2557 1024 777 2558 1037 26 2559 1030 26 2560 1038 26 2561 1030 778 2562 1036 778 2563 1035 778 2564 1035 26 2565 1034 26 2566 1033 26 2567 1030 779 2568 1035 779 2569 1038 779 2570 1032 26 2571 1031 26 2572 1033 26 2573 1031 780 2574 1038 780 2575 1033 780 2576 1040 781 2577 1041 781 2578 1042 781 2579 1044 26 2580 1045 26 2581 1046 26 2582 787 782 2583 1047 782 2584 1050 782 2585 1047 26 2586 1048 26 2587 1049 26 2588 1053 26 2589 1054 26 2590 1051 26 2591 950 783 2592 1057 783 2593 1056 783 2594 631 784 2595 632 784 2596 990 784 2597 534 785 2598 535 785 2599 890 785 2600 443 786 2601 799 786 2602 798 786 2603 633 787 2604 991 787 2605 990 787 2606 535 788 2607 536 788 2608 891 788 2609 443 789 2610 424 789 2611 779 789 2612 633 790 2613 634 790 2614 992 790 2615 536 791 2616 537 791 2617 892 791 2618 444 792 2619 800 792 2620 776 792 2621 634 793 2622 635 793 2623 993 793 2624 538 794 2625 893 794 2626 892 794 2627 445 795 2628 801 795 2629 800 795 2630 636 796 2631 994 796 2632 993 796 2633 538 797 2634 539 797 2635 894 797 2636 446 798 2637 802 798 2638 801 798 2639 637 799 2640 995 799 2641 994 799 2642 540 67 2643 895 67 2644 894 67 2645 447 800 2646 803 800 2647 802 800 2648 638 801 2649 996 801 2650 995 801 2651 540 802 2652 541 802 2653 896 802 2654 423 803 2655 778 803 2656 803 803 2657 639 72 2658 997 72 2659 996 72 2660 541 804 2661 542 804 2662 897 804 2663 424 74 2664 448 74 2665 804 74 2666 640 75 2667 998 75 2668 997 75 2669 449 805 2670 805 805 2671 804 805 2672 641 806 2673 999 806 2674 998 806 2675 543 807 2676 544 807 2677 899 807 2678 449 808 2679 422 808 2680 777 808 2681 642 809 2682 1000 809 2683 999 809 2684 450 810 2685 775 810 2686 744 810 2687 643 811 2688 1001 811 2689 1000 811 2690 546 812 2691 902 812 2692 901 812 2693 644 813 2694 1002 813 2695 1001 813 2696 546 814 2697 547 814 2698 903 814 2699 452 815 2700 807 815 2701 808 815 2702 645 816 2703 1003 816 2704 1002 816 2705 548 817 2706 904 817 2707 903 817 2708 646 818 2709 1004 818 2710 1003 818 2711 548 819 2712 549 819 2713 905 819 2714 355 820 2715 354 820 2716 708 820 2717 647 821 2718 1005 821 2719 1004 821 2720 549 822 2721 550 822 2722 906 822 2723 456 823 2724 811 823 2725 812 823 2726 356 824 2727 355 824 2728 709 824 2729 647 96 2730 648 96 2731 1006 96 2732 551 825 2733 907 825 2734 906 825 2735 356 826 2736 710 826 2737 711 826 2738 528 827 2739 883 827 2740 1069 827 2741 552 828 2742 908 828 2743 907 828 2744 357 829 2745 711 829 2746 708 829 2747 528 830 2748 610 830 2749 968 830 2750 552 103 2751 553 103 2752 909 103 2753 460 831 2754 815 831 2755 816 831 2756 359 105 2757 358 105 2758 712 105 2759 649 832 2760 1007 832 2761 971 832 2762 553 105 2763 554 105 2764 910 105 2765 461 833 2766 816 833 2767 817 833 2768 359 834 2769 713 834 2770 714 834 2771 650 835 2772 1008 835 2773 1007 835 2774 554 836 2775 555 836 2776 911 836 2777 462 837 2778 817 837 2779 818 837 2780 361 838 2781 360 838 2782 714 838 2783 650 839 2784 612 839 2785 970 839 2786 555 840 2787 556 840 2788 912 840 2789 463 115 2790 818 115 2791 819 115 2792 362 841 2793 361 841 2794 715 841 2795 651 842 2796 1009 842 2797 969 842 2798 673 843 2799 557 843 2800 914 843 2801 465 844 2802 464 844 2803 819 844 2804 362 845 2805 716 845 2806 717 845 2807 652 121 2808 1010 121 2809 1009 121 2810 558 846 2811 915 846 2812 914 846 2813 465 847 2814 820 847 2815 821 847 2816 364 848 2817 363 848 2818 717 848 2819 653 849 2820 1011 849 2821 1010 849 2822 559 126 2823 916 126 2824 915 126 2825 466 850 2826 821 850 2827 822 850 2828 364 851 2829 718 851 2830 719 851 2831 654 852 2832 1012 852 2833 1011 852 2834 559 853 2835 560 853 2836 917 853 2837 467 854 2838 822 854 2839 823 854 2840 365 855 2841 719 855 2842 720 855 2843 655 856 2844 1013 856 2845 1012 856 2846 560 857 2847 561 857 2848 918 857 2849 469 858 2850 468 858 2851 823 858 2852 366 859 2853 720 859 2854 721 859 2855 656 105 2856 1014 105 2857 1013 105 2858 562 860 2859 919 860 2860 918 860 2861 469 861 2862 824 861 2863 825 861 2864 367 862 2865 721 862 2866 722 862 2867 657 140 2868 1015 140 2869 1014 140 2870 563 863 2871 920 863 2872 919 863 2873 470 864 2874 825 864 2875 826 864 2876 368 865 2877 722 865 2878 723 865 2879 1064 866 2880 631 866 2881 989 866 2882 564 867 2883 921 867 2884 920 867 2885 471 868 2886 826 868 2887 827 868 2888 370 869 2889 369 869 2890 723 869 2891 614 870 2892 658 870 2893 1016 870 2894 564 871 2895 565 871 2896 922 871 2897 473 872 2898 472 872 2899 827 872 2900 370 873 2901 724 873 2902 725 873 2903 658 874 2904 659 874 2905 1017 874 2906 566 875 2907 923 875 2908 922 875 2909 473 154 2910 828 154 2911 829 154 2912 371 876 2913 725 876 2914 726 876 2915 660 877 2916 1018 877 2917 1017 877 2918 566 878 2919 567 878 2920 924 878 2921 474 879 2922 829 879 2923 830 879 2924 372 154 2925 726 154 2926 727 154 2927 660 880 2928 661 880 2929 1019 880 2930 567 881 2931 568 881 2932 925 881 2933 475 882 2934 830 882 2935 810 882 2936 662 883 2937 1020 883 2938 1019 883 2939 569 163 2940 926 163 2941 925 163 2942 374 884 2943 728 884 2944 729 884 2945 663 885 2946 1021 885 2947 1020 885 2948 570 886 2949 927 886 2950 926 886 2951 375 887 2952 729 887 2953 730 887 2954 664 168 2955 1022 168 2956 1021 168 2957 571 888 2958 928 888 2959 927 888 2960 376 170 2961 730 170 2962 731 170 2963 665 889 2964 1023 889 2965 1022 889 2966 571 890 2967 572 890 2968 929 890 2969 378 891 2970 377 891 2971 731 891 2972 666 892 2973 1024 892 2974 1023 892 2975 573 175 2976 930 175 2977 929 175 2978 458 893 2979 813 893 2980 834 893 2981 378 894 2982 732 894 2983 733 894 2984 667 895 2985 1025 895 2986 1024 895 2987 574 896 2988 931 896 2989 930 896 2990 480 897 2991 479 897 2992 834 897 2993 379 154 2994 733 154 2995 734 154 2996 668 181 2997 1026 181 2998 1025 181 2999 574 898 3000 510 898 3001 865 898 3002 481 899 3003 480 899 3004 835 899 3005 380 900 3006 734 900 3007 712 900 3008 669 185 3009 1027 185 3010 1026 185 3011 575 901 3012 932 901 3013 866 901 3014 482 902 3015 481 902 3016 836 902 3017 381 903 3018 735 903 3019 736 903 3020 670 904 3021 1028 904 3022 1027 904 3023 576 905 3024 933 905 3025 932 905 3026 482 906 3027 837 906 3028 838 906 3029 383 907 3030 382 907 3031 736 907 3032 671 908 3033 1029 908 3034 1028 908 3035 577 909 3036 934 909 3037 933 909 3038 484 195 3039 483 195 3040 838 195 3041 384 910 3042 383 910 3043 737 910 3044 615 911 3045 973 911 3046 1029 911 3047 577 912 3048 578 912 3049 935 912 3050 485 913 3051 484 913 3052 839 913 3053 384 914 3054 738 914 3055 735 914 3056 672 915 3057 1030 915 3058 912 915 3059 579 916 3060 936 916 3061 935 916 3062 486 917 3063 485 917 3064 840 917 3065 386 918 3066 385 918 3067 739 918 3068 579 919 3069 580 919 3070 937 919 3071 486 920 3072 841 920 3073 842 920 3074 387 921 3075 386 921 3076 740 921 3077 674 922 3078 1031 922 3079 1032 922 3080 581 923 3081 938 923 3082 937 923 3083 488 210 3084 487 210 3085 842 210 3086 387 924 3087 741 924 3088 742 924 3089 675 925 3090 1032 925 3091 1033 925 3092 582 213 3093 939 213 3094 938 213 3095 489 926 3096 488 926 3097 843 926 3098 388 927 3099 742 927 3100 739 927 3101 676 216 3102 1033 216 3103 1034 216 3104 583 928 3105 940 928 3106 939 928 3107 489 929 3108 844 929 3109 845 929 3110 677 930 3111 1034 930 3112 1035 930 3113 583 931 3114 584 931 3115 941 931 3116 459 932 3117 490 932 3118 845 932 3119 391 933 3120 745 933 3121 743 933 3122 678 934 3123 1035 934 3124 1036 934 3125 585 935 3126 942 935 3127 941 935 3128 455 936 3129 810 936 3130 846 936 3131 392 937 3132 746 937 3133 745 937 3134 679 938 3135 1036 938 3136 1030 938 3137 586 939 3138 943 939 3139 942 939 3140 456 940 3141 491 940 3142 846 940 3143 393 103 3144 747 103 3145 746 103 3146 587 941 3147 944 941 3148 943 941 3149 457 942 3150 812 942 3151 847 942 3152 394 943 3153 748 943 3154 747 943 3155 680 944 3156 673 944 3157 913 944 3158 588 154 3159 945 154 3160 944 154 3161 493 945 3162 492 945 3163 847 945 3164 394 946 3165 395 946 3166 749 946 3167 681 947 3168 680 947 3169 1037 947 3170 589 237 3171 946 237 3172 945 237 3173 493 948 3174 848 948 3175 849 948 3176 396 239 3177 750 239 3178 749 239 3179 674 949 3180 681 949 3181 1038 949 3182 590 950 3183 947 950 3184 946 950 3185 495 951 3186 494 951 3187 849 951 3188 396 243 3189 397 243 3190 751 243 3191 683 952 3192 1040 952 3193 1039 952 3194 591 953 3195 948 953 3196 947 953 3197 495 954 3198 850 954 3199 806 954 3200 397 955 3201 398 955 3202 752 955 3203 684 956 3204 1041 956 3205 1040 956 3206 592 249 3207 949 249 3208 948 249 3209 398 250 3210 399 250 3211 753 250 3212 684 957 3213 685 957 3214 1042 957 3215 515 252 3216 870 252 3217 949 252 3218 399 958 3219 400 958 3220 754 958 3221 682 959 3222 1039 959 3223 1042 959 3224 593 960 3225 700 960 3226 950 960 3227 401 256 3228 755 256 3229 754 256 3230 687 961 3231 1044 961 3232 1043 961 3233 594 962 3234 593 962 3235 951 962 3236 402 259 3237 756 259 3238 755 259 3239 688 963 3240 1045 963 3241 1044 963 3242 704 964 3243 953 964 3244 954 964 3245 402 965 3246 403 965 3247 757 965 3248 689 105 3249 1046 105 3250 1045 105 3251 595 966 3252 954 966 3253 955 966 3254 403 967 3255 404 967 3256 758 967 3257 686 968 3258 1043 968 3259 1046 968 3260 597 969 3261 596 969 3262 955 969 3263 454 267 3264 809 267 3265 813 267 3266 404 970 3267 405 970 3268 759 970 3269 690 971 3270 787 971 3271 786 971 3272 597 972 3273 956 972 3274 957 972 3275 501 973 3276 451 973 3277 806 973 3278 406 974 3279 760 974 3280 759 974 3281 692 975 3282 1048 975 3283 1047 975 3284 598 976 3285 957 976 3286 728 976 3287 501 977 3288 856 977 3289 807 977 3290 406 978 3291 407 978 3292 761 978 3293 693 277 3294 1049 277 3295 1048 277 3296 453 979 3297 808 979 3298 857 979 3299 407 980 3300 408 980 3301 762 980 3302 694 981 3303 1050 981 3304 1049 981 3305 600 982 3306 958 982 3307 899 982 3308 503 983 3309 502 983 3310 857 983 3311 409 984 3312 763 984 3313 762 984 3314 694 985 3315 690 985 3316 787 985 3317 601 103 3318 959 103 3319 958 103 3320 503 986 3321 858 986 3322 859 986 3323 410 286 3324 764 286 3325 763 286 3326 691 987 3327 1047 987 3328 787 987 3329 601 988 3330 599 988 3331 901 988 3332 504 989 3333 859 989 3334 860 989 3335 410 990 3336 411 990 3337 765 990 3338 696 991 3339 1052 991 3340 1051 991 3341 603 992 3342 961 992 3343 960 992 3344 506 993 3345 505 993 3346 860 993 3347 411 994 3348 412 994 3349 766 994 3350 696 995 3351 697 995 3352 1053 995 3353 604 996 3354 962 996 3355 961 996 3356 506 997 3357 861 997 3358 862 997 3359 412 998 3360 413 998 3361 767 998 3362 697 299 3363 698 299 3364 1054 299 3365 507 999 3366 862 999 3367 863 999 3368 414 1000 3369 768 1000 3370 767 1000 3371 695 302 3372 1051 302 3373 1054 302 3374 508 1001 3375 863 1001 3376 864 1001 3377 390 1002 3378 744 1002 3379 769 1002 3380 699 1003 3381 373 1003 3382 727 1003 3383 602 1004 3384 960 1004 3385 897 1004 3386 509 1005 3387 864 1005 3388 865 1005 3389 416 1006 3390 771 1006 3391 770 1006 3392 417 1007 3393 772 1007 3394 771 1007 3395 701 1008 3396 699 1008 3397 1055 1008 3398 511 1009 3399 866 1009 3400 809 1009 3401 418 1010 3402 773 1010 3403 772 1010 3404 702 1011 3405 701 1011 3406 1056 1011 3407 609 1012 3408 967 1012 3409 966 1012 3410 415 1013 3411 770 1013 3412 867 1013 3413 418 1014 3414 419 1014 3415 774 1014 3416 702 317 3417 1057 317 3418 950 317 3419 606 1015 3420 964 1015 3421 967 1015 3422 512 1016 3423 867 1016 3424 815 1016 3425 419 1017 3426 389 1017 3427 743 1017 3428 594 1018 3429 952 1018 3430 1058 1018 3431 606 1019 3432 543 1019 3433 898 1019 3434 513 1020 3435 459 1020 3436 814 1020 3437 604 1021 3438 608 1021 3439 966 1021 3440 450 1022 3441 513 1022 3442 868 1022 3443 703 1023 3444 1058 1023 3445 1059 1023 3446 988 1024 3447 630 1024 3448 611 1024 3449 441 1025 3450 516 1025 3451 871 1025 3452 704 1026 3453 707 1026 3454 1061 1026 3455 516 1027 3456 517 1027 3457 872 1027 3458 425 1028 3459 780 1028 3460 768 1028 3461 517 1029 3462 518 1029 3463 873 1029 3464 426 1030 3465 781 1030 3466 780 1030 3467 610 1031 3468 616 1031 3469 974 1031 3470 519 1032 3471 874 1032 3472 873 1032 3473 426 1033 3474 427 1033 3475 782 1033 3476 617 1034 3477 975 1034 3478 974 1034 3479 520 1035 3480 875 1035 3481 874 1035 3482 427 1036 3483 428 1036 3484 783 1036 3485 705 1037 3486 1059 1037 3487 1061 1037 3488 618 1038 3489 976 1038 3490 975 1038 3491 520 1039 3492 521 1039 3493 876 1039 3494 428 1040 3495 429 1040 3496 784 1040 3497 618 1041 3498 614 1041 3499 972 1041 3500 521 1042 3501 522 1042 3502 877 1042 3503 430 1043 3504 785 1043 3505 784 1043 3506 619 1044 3507 977 1044 3508 973 1044 3509 523 1045 3510 878 1045 3511 877 1045 3512 430 1046 3513 431 1046 3514 786 1046 3515 620 1047 3516 978 1047 3517 977 1047 3518 523 351 3519 524 351 3520 879 351 3521 432 1048 3522 788 1048 3523 787 1048 3524 613 1049 3525 971 1049 3526 978 1049 3527 524 354 3528 525 354 3529 880 354 3530 433 1050 3531 789 1050 3532 788 1050 3533 525 1051 3534 526 1051 3535 881 1051 3536 421 1052 3537 776 1052 3538 789 1052 3539 527 1053 3540 882 1053 3541 881 1053 3542 422 1054 3543 434 1054 3544 790 1054 3545 527 1055 3546 528 1055 3547 883 1055 3548 435 1056 3549 791 1056 3550 790 1056 3551 529 1057 3552 884 1057 3553 883 1057 3554 435 1058 3555 436 1058 3556 792 1058 3557 514 1059 3558 869 1059 3559 884 1059 3560 437 1060 3561 793 1060 3562 792 1060 3563 530 1061 3564 885 1061 3565 870 1061 3566 420 1062 3567 769 1062 3568 793 1062 3569 530 1063 3570 531 1063 3571 886 1063 3572 438 1064 3573 794 1064 3574 778 1064 3575 532 1065 3576 887 1065 3577 886 1065 3578 438 1066 3579 439 1066 3580 795 1066 3581 533 1067 3582 888 1067 3583 887 1067 3584 439 373 3585 440 373 3586 796 373 3587 442 1068 3588 798 1068 3589 888 1068 3590 440 1069 3591 441 1069 3592 797 1069 3593 514 376 3594 534 376 3595 889 376 3596 986 1070 3597 628 1070 3598 629 1070 3599 985 1071 3600 627 1071 3601 628 1071 3602 984 1072 3603 626 1072 3604 627 1072 3605 983 1073 3606 625 1073 3607 626 1073 3608 982 154 3609 624 154 3610 625 154 3611 981 1074 3612 623 1074 3613 624 1074 3614 980 1075 3615 622 1075 3616 623 1075 3617 980 1076 3618 979 1076 3619 621 1076 3620 970 1077 3621 612 1077 3622 621 1077 3623 657 1078 3624 1062 1078 3625 1063 1078 3626 1066 1079 3627 1067 1079 3628 1006 1079 3629 631 1080 3630 1064 1080 3631 1066 1080 3632 648 1081 3633 647 1081 3634 645 1081 3635 647 1082 3636 646 1082 3637 645 1082 3638 631 1083 3639 1066 1083 3640 648 1083 3641 633 1084 3642 632 1084 3643 639 1084 3644 632 1085 3645 631 1085 3646 640 1085 3647 635 1086 3648 634 1086 3649 633 1086 3650 638 1087 3651 637 1087 3652 639 1087 3653 637 1088 3654 636 1088 3655 639 1088 3656 636 1089 3657 635 1089 3658 633 1089 3659 632 1090 3660 640 1090 3661 639 1090 3662 631 1091 3663 648 1091 3664 642 1091 3665 640 1092 3666 631 1092 3667 642 1092 3668 645 1093 3669 644 1093 3670 643 1093 3671 642 1094 3672 641 1094 3673 640 1094 3674 645 1095 3675 643 1095 3676 642 1095 3677 648 1096 3678 645 1096 3679 642 1096 3680 1006 26 3681 1067 26 3682 989 26 3683 1067 26 3684 1065 26 3685 989 26 3686 989 1097 3687 990 1098 3688 998 1099 3689 990 26 3690 991 26 3691 997 26 3692 998 1100 3693 990 1100 3694 997 1100 3695 1004 26 3696 1005 26 3697 1003 26 3698 1005 26 3699 1006 26 3700 1003 26 3701 1001 1101 3702 1002 1102 3703 1003 1103 3704 1006 1104 3705 989 1105 3706 1000 1106 3707 991 1107 3708 992 1107 3709 993 1107 3710 994 26 3711 995 26 3712 997 26 3713 995 1108 3714 996 1108 3715 997 1108 3716 991 26 3717 993 26 3718 994 26 3719 1003 1109 3720 1006 1109 3721 1000 1109 3722 989 1110 3723 998 1111 3724 1000 1112 3725 1000 1113 3726 1001 1113 3727 1003 1113 3728 998 26 3729 999 26 3730 1000 26 3731 1068 1114 3732 1066 1114 3733 1064 1114 3734 1068 1115 3735 1069 1115 3736 1063 1115 3737 1064 1116 3738 1065 1116 3739 1067 1116 3740</p>
        </triangles>
      </mesh>
    </geometry>
  </library_geometries>
  <library_visual_scenes>
    <visual_scene id="Scene" name="Scene">
      <node id="indoor_environment" name="indoor_environment" type="NODE">
        <matrix sid="transform">1.88745e-5 250 -3.89414e-7 8.863152 250 -1.88745e-5 4.37112e-8 0 1.09278e-5 -9.73536e-5 -1 0 0 0 0 1</matrix>
        <instance_geometry url="#indoor_environment-mesh" name="indoor_environment">
          <bind_material>
            <technique_common>
              <instance_material symbol="indoor_environment-material" target="#indoor_environment-material">
                <bind_vertex_input semantic="indoor_environment-mesh-map-0" input_semantic="TEXCOORD" input_set="0"/>
              </instance_material>
              <instance_material symbol="wall-material" target="#wall-material">
                <bind_vertex_input semantic="indoor_environment-mesh-map-0" input_semantic="TEXCOORD" input_set="0"/>
              </instance_material>
            </technique_common>
          </bind_material>
        </instance_geometry>
      </node>
    </visual_scene>
  </library_visual_scenes>
  <scene>
    <instance_visual_scene url="#Scene"/>
  </scene>
</COLLADA>